HITId,HITTypeId,Title,Description,Keywords,Reward,CreationTime,MaxAssignments,RequesterAnnotation,AssignmentDurationInSeconds,AutoApprovalDelayInSeconds,Expiration,NumberOfSimilarHITs,LifetimeInSeconds,AssignmentId,WorkerId,AssignmentStatus,AcceptTime,SubmitTime,AutoApprovalTime,ApprovalTime,RejectionTime,RequesterFeedback,WorkTimeInSeconds,LifetimeApprovalRate,Last30DaysApprovalRate,Last7DaysApprovalRate,Answer.surveycode,Approve,Reject
3VJ4PFXFJ5FAT79J1THRDVGGIM1AU7,3PQW4YC2N3D12HCR3PSCJHS8F4ONUF,Complete a Survey About Human Decisions (4 - 8 minutes),Research Survey Affiliated with the University of Pennsylvania,"survey, research",$0.50 ,Fri Mar 15 12:07:42 PDT 2019,200,BatchId:3569833;OriginalHitTemplateId:920937340;,600,259200,Fri Mar 15 13:47:48 PDT 2019,,,30H4UDGLT5Q1PN867CD300J446BPM5,A32PNTIGJF38XQ,Approved,Fri Mar 15 12:36:42 PDT 2019,Fri Mar 15 12:39:12 PDT 2019,Mon Mar 18 12:39:12 PDT 2019,Sat Mar 16 15:19:33 PDT 2019,,,150,100% (1/1),100% (1/1),100% (1/1),8647,,
3VJ4PFXFJ5FAT79J1THRDVGGIM1AU7,3PQW4YC2N3D12HCR3PSCJHS8F4ONUF,Complete a Survey About Human Decisions (4 - 8 minutes),Research Survey Affiliated with the University of Pennsylvania,"survey, research",$0.50 ,Fri Mar 15 12:07:42 PDT 2019,200,BatchId:3569833;OriginalHitTemplateId:920937340;,600,259200,Fri Mar 15 13:47:48 PDT 2019,,,333U7HK6ICN2ZIZVZ69GKEAYMTAJDE,AGNJKSH5LFKXZ,Approved,Fri Mar 15 12:14:24 PDT 2019,Fri Mar 15 12:15:43 PDT 2019,Mon Mar 18 12:15:43 PDT 2019,Sat Mar 16 15:19:33 PDT 2019,,,79,67% (2/3),67% (2/3),67% (2/3),1830,,
3VJ4PFXFJ5FAT79J1THRDVGGIM1AU7,3PQW4YC2N3D12HCR3PSCJHS8F4ONUF,Complete a Survey About Human Decisions (4 - 8 minutes),Research Survey Affiliated with the University of Pennsylvania,"survey, research",$0.50 ,Fri Mar 15 12:07:42 PDT 2019,200,BatchId:3569833;OriginalHitTemplateId:920937340;,600,259200,Fri Mar 15 13:47:48 PDT 2019,,,33PPO7FECYN647FPHOOG8DVY9EQDI1,A3C3RLZKKHH1FC,Approved,Fri Mar 15 12:50:54 PDT 2019,Fri Mar 15 12:57:31 PDT 2019,Mon Mar 18 12:57:31 PDT 2019,Sat Mar 16 15:19:33 PDT 2019,,,397,100% (1/1),100% (1/1),100% (1/1),2376,,
3VJ4PFXFJ5FAT79J1THRDVGGIM1AU7,3PQW4YC2N3D12HCR3PSCJHS8F4ONUF,Complete a Survey About Human Decisions (4 - 8 minutes),Research Survey Affiliated with the University of Pennsylvania,"survey, research",$0.50 ,Fri Mar 15 12:07:42 PDT 2019,200,BatchId:3569833;OriginalHitTemplateId:920937340;,600,259200,Fri Mar 15 13:47:48 PDT 2019,,,34X6J5FLPW6WOR304SF0KDHX586JQQ,A3SKEW89V5S0DI,Approved,Fri Mar 15 13:03:29 PDT 2019,Fri Mar 15 13:07:19 PDT 2019,Mon Mar 18 13:07:19 PDT 2019,Sat Mar 16 15:19:33 PDT 2019,,,230,100% (1/1),100% (1/1),100% (1/1),6771,,
3VJ4PFXFJ5FAT79J1THRDVGGIM1AU7,3PQW4YC2N3D12HCR3PSCJHS8F4ONUF,Complete a Survey About Human Decisions (4 - 8 minutes),Research Survey Affiliated with the University of Pennsylvania,"survey, research",$0.50 ,Fri Mar 15 12:07:42 PDT 2019,200,BatchId:3569833;OriginalHitTemplateId:920937340;,600,259200,Fri Mar 15 13:47:48 PDT 2019,,,386PBUZZXI5LXUNNCN743RI3V2BJLT,A21SF3IKIZB0VN,Approved,Fri Mar 15 12:09:53 PDT 2019,Fri Mar 15 12:13:46 PDT 2019,Mon Mar 18 12:13:46 PDT 2019,Sat Mar 16 15:19:33 PDT 2019,,,233,100% (1/1),100% (1/1),100% (1/1),8900,,
3VJ4PFXFJ5FAT79J1THRDVGGIM1AU7,3PQW4YC2N3D12HCR3PSCJHS8F4ONUF,Complete a Survey About Human Decisions (4 - 8 minutes),Research Survey Affiliated with the University of Pennsylvania,"survey, research",$0.50 ,Fri Mar 15 12:07:42 PDT 2019,200,BatchId:3569833;OriginalHitTemplateId:920937340;,600,259200,Fri Mar 15 13:47:48 PDT 2019,,,3A4NIXBJ797BY2T8FKKWJJAKZWAML4,A2SBN9B6Q3DN2X,Approved,Fri Mar 15 12:36:05 PDT 2019,Fri Mar 15 12:37:52 PDT 2019,Mon Mar 18 12:37:52 PDT 2019,Sat Mar 16 15:19:33 PDT 2019,,,107,100% (1/1),100% (1/1),100% (1/1),7962,,
3VJ4PFXFJ5FAT79J1THRDVGGIM1AU7,3PQW4YC2N3D12HCR3PSCJHS8F4ONUF,Complete a Survey About Human Decisions (4 - 8 minutes),Research Survey Affiliated with the University of Pennsylvania,"survey, research",$0.50 ,Fri Mar 15 12:07:42 PDT 2019,200,BatchId:3569833;OriginalHitTemplateId:920937340;,600,259200,Fri Mar 15 13:47:48 PDT 2019,,,3B2X28YI3ZNXWQM41ROLGKHTX2DB6S,A2HG1N3BVQO6I,Approved,Fri Mar 15 12:08:32 PDT 2019,Fri Mar 15 12:10:24 PDT 2019,Mon Mar 18 12:10:24 PDT 2019,Sat Mar 16 15:19:33 PDT 2019,,,112,100% (1/1),100% (1/1),100% (1/1),9838,,
3VJ4PFXFJ5FAT79J1THRDVGGIM1AU7,3PQW4YC2N3D12HCR3PSCJHS8F4ONUF,Complete a Survey About Human Decisions (4 - 8 minutes),Research Survey Affiliated with the University of Pennsylvania,"survey, research",$0.50 ,Fri Mar 15 12:07:42 PDT 2019,200,BatchId:3569833;OriginalHitTemplateId:920937340;,600,259200,Fri Mar 15 13:47:48 PDT 2019,,,3B3WTRP3DEAQQWO6G5YMZ15RTXC29W,A1NHTBY5YB9JH7,Approved,Fri Mar 15 12:34:39 PDT 2019,Fri Mar 15 12:37:29 PDT 2019,Mon Mar 18 12:37:29 PDT 2019,Sat Mar 16 15:19:33 PDT 2019,,,170,100% (1/1),100% (1/1),100% (1/1),5734,,
3VJ4PFXFJ5FAT79J1THRDVGGIM1AU7,3PQW4YC2N3D12HCR3PSCJHS8F4ONUF,Complete a Survey About Human Decisions (4 - 8 minutes),Research Survey Affiliated with the University of Pennsylvania,"survey, research",$0.50 ,Fri Mar 15 12:07:42 PDT 2019,200,BatchId:3569833;OriginalHitTemplateId:920937340;,600,259200,Fri Mar 15 13:47:48 PDT 2019,,,3B837J3LDR4PZV1Q41DEH4IPXDERS8,A2HWLIJP5OVFD5,Approved,Fri Mar 15 12:16:49 PDT 2019,Fri Mar 15 12:20:01 PDT 2019,Mon Mar 18 12:20:01 PDT 2019,Sat Mar 16 15:19:34 PDT 2019,,,192,100% (1/1),100% (1/1),100% (1/1),9414,,
3VJ4PFXFJ5FAT79J1THRDVGGIM1AU7,3PQW4YC2N3D12HCR3PSCJHS8F4ONUF,Complete a Survey About Human Decisions (4 - 8 minutes),Research Survey Affiliated with the University of Pennsylvania,"survey, research",$0.50 ,Fri Mar 15 12:07:42 PDT 2019,200,BatchId:3569833;OriginalHitTemplateId:920937340;,600,259200,Fri Mar 15 13:47:48 PDT 2019,,,3C2NJ6JBKDPBFYS0HFHRH20BYMSN2F,A2S8ZTPKX3B928,Approved,Fri Mar 15 12:29:11 PDT 2019,Fri Mar 15 12:33:00 PDT 2019,Mon Mar 18 12:33:00 PDT 2019,Sat Mar 16 15:19:34 PDT 2019,,,229,100% (1/1),100% (1/1),100% (1/1),7517,,
3VJ4PFXFJ5FAT79J1THRDVGGIM1AU7,3PQW4YC2N3D12HCR3PSCJHS8F4ONUF,Complete a Survey About Human Decisions (4 - 8 minutes),Research Survey Affiliated with the University of Pennsylvania,"survey, research",$0.50 ,Fri Mar 15 12:07:42 PDT 2019,200,BatchId:3569833;OriginalHitTemplateId:920937340;,600,259200,Fri Mar 15 13:47:48 PDT 2019,,,3CFVK00FWOT99Z8GS4DFUNDY9WUL6S,A7204W9E8IR1R,Approved,Fri Mar 15 12:30:04 PDT 2019,Fri Mar 15 12:31:22 PDT 2019,Mon Mar 18 12:31:22 PDT 2019,Sat Mar 16 15:19:34 PDT 2019,,,78,50% (1/2),50% (1/2),50% (1/2),4902,,
3VJ4PFXFJ5FAT79J1THRDVGGIM1AU7,3PQW4YC2N3D12HCR3PSCJHS8F4ONUF,Complete a Survey About Human Decisions (4 - 8 minutes),Research Survey Affiliated with the University of Pennsylvania,"survey, research",$0.50 ,Fri Mar 15 12:07:42 PDT 2019,200,BatchId:3569833;OriginalHitTemplateId:920937340;,600,259200,Fri Mar 15 13:47:48 PDT 2019,,,3D3VGR7TA3NLFEGBEMCD9WAD5XLR3M,A2VX8B1CJXRN2,Approved,Fri Mar 15 13:01:19 PDT 2019,Fri Mar 15 13:07:08 PDT 2019,Mon Mar 18 13:07:08 PDT 2019,Sat Mar 16 15:19:34 PDT 2019,,,349,100% (2/2),100% (2/2),100% (2/2),6466,,
3VJ4PFXFJ5FAT79J1THRDVGGIM1AU7,3PQW4YC2N3D12HCR3PSCJHS8F4ONUF,Complete a Survey About Human Decisions (4 - 8 minutes),Research Survey Affiliated with the University of Pennsylvania,"survey, research",$0.50 ,Fri Mar 15 12:07:42 PDT 2019,200,BatchId:3569833;OriginalHitTemplateId:920937340;,600,259200,Fri Mar 15 13:47:48 PDT 2019,,,3F1567XTNZD7IFQRIGONVJ3U93RQ9Z,A1R8A1ZKR80MRA,Approved,Fri Mar 15 12:43:50 PDT 2019,Fri Mar 15 12:49:34 PDT 2019,Mon Mar 18 12:49:34 PDT 2019,Sat Mar 16 15:19:34 PDT 2019,,,344,100% (1/1),100% (1/1),100% (1/1),9381,,
3VJ4PFXFJ5FAT79J1THRDVGGIM1AU7,3PQW4YC2N3D12HCR3PSCJHS8F4ONUF,Complete a Survey About Human Decisions (4 - 8 minutes),Research Survey Affiliated with the University of Pennsylvania,"survey, research",$0.50 ,Fri Mar 15 12:07:42 PDT 2019,200,BatchId:3569833;OriginalHitTemplateId:920937340;,600,259200,Fri Mar 15 13:47:48 PDT 2019,,,3HUTX6F6VXVTXJSCIUH4WR0GOW2O20,A2WTDVHVVORNDU,Approved,Fri Mar 15 13:07:55 PDT 2019,Fri Mar 15 13:12:08 PDT 2019,Mon Mar 18 13:12:08 PDT 2019,Sat Mar 16 15:19:34 PDT 2019,,,253,100% (1/1),100% (1/1),100% (1/1),4024,,
3VJ4PFXFJ5FAT79J1THRDVGGIM1AU7,3PQW4YC2N3D12HCR3PSCJHS8F4ONUF,Complete a Survey About Human Decisions (4 - 8 minutes),Research Survey Affiliated with the University of Pennsylvania,"survey, research",$0.50 ,Fri Mar 15 12:07:42 PDT 2019,200,BatchId:3569833;OriginalHitTemplateId:920937340;,600,259200,Fri Mar 15 13:47:48 PDT 2019,,,3I02618YA3EK2VDFGE4PRA0YHSGUP4,A28A3HF3LSEIDT,Approved,Fri Mar 15 12:51:22 PDT 2019,Fri Mar 15 12:57:50 PDT 2019,Mon Mar 18 12:57:50 PDT 2019,Sat Mar 16 15:19:34 PDT 2019,,,388,100% (1/1),100% (1/1),100% (1/1),1854,,
3VJ4PFXFJ5FAT79J1THRDVGGIM1AU7,3PQW4YC2N3D12HCR3PSCJHS8F4ONUF,Complete a Survey About Human Decisions (4 - 8 minutes),Research Survey Affiliated with the University of Pennsylvania,"survey, research",$0.50 ,Fri Mar 15 12:07:42 PDT 2019,200,BatchId:3569833;OriginalHitTemplateId:920937340;,600,259200,Fri Mar 15 13:47:48 PDT 2019,,,3I3WADAZ9TCLWGBZ0DJ2UY3S86OO5W,A1YSYI926BBOHW,Approved,Fri Mar 15 12:31:14 PDT 2019,Fri Mar 15 12:34:29 PDT 2019,Mon Mar 18 12:34:29 PDT 2019,Sat Mar 16 15:19:34 PDT 2019,,,195,100% (1/1),100% (1/1),100% (1/1),6119,,
3VJ4PFXFJ5FAT79J1THRDVGGIM1AU7,3PQW4YC2N3D12HCR3PSCJHS8F4ONUF,Complete a Survey About Human Decisions (4 - 8 minutes),Research Survey Affiliated with the University of Pennsylvania,"survey, research",$0.50 ,Fri Mar 15 12:07:42 PDT 2019,200,BatchId:3569833;OriginalHitTemplateId:920937340;,600,259200,Fri Mar 15 13:47:48 PDT 2019,,,3IAEQB9FMHSO52ZU65SV9446OPJDW3,AVOF14300525D,Approved,Fri Mar 15 12:13:50 PDT 2019,Fri Mar 15 12:16:58 PDT 2019,Mon Mar 18 12:16:58 PDT 2019,Sat Mar 16 15:19:35 PDT 2019,,,188,100% (1/1),100% (1/1),100% (1/1),9178,,
3VJ4PFXFJ5FAT79J1THRDVGGIM1AU7,3PQW4YC2N3D12HCR3PSCJHS8F4ONUF,Complete a Survey About Human Decisions (4 - 8 minutes),Research Survey Affiliated with the University of Pennsylvania,"survey, research",$0.50 ,Fri Mar 15 12:07:42 PDT 2019,200,BatchId:3569833;OriginalHitTemplateId:920937340;,600,259200,Fri Mar 15 13:47:48 PDT 2019,,,3JRJSWSMQKTW6AB6SGSDAPBUQ8QE3R,A2ZX69756WSLQ4,Approved,Fri Mar 15 12:19:08 PDT 2019,Fri Mar 15 12:23:32 PDT 2019,Mon Mar 18 12:23:32 PDT 2019,Sat Mar 16 15:19:35 PDT 2019,,,264,100% (1/1),100% (1/1),100% (1/1),8212,,
3VJ4PFXFJ5FAT79J1THRDVGGIM1AU7,3PQW4YC2N3D12HCR3PSCJHS8F4ONUF,Complete a Survey About Human Decisions (4 - 8 minutes),Research Survey Affiliated with the University of Pennsylvania,"survey, research",$0.50 ,Fri Mar 15 12:07:42 PDT 2019,200,BatchId:3569833;OriginalHitTemplateId:920937340;,600,259200,Fri Mar 15 13:47:48 PDT 2019,,,3K2755HG5VBMUGDZGGIV5GI6TMUFD8,A2SYRFPPV9WDEG,Approved,Fri Mar 15 12:21:13 PDT 2019,Fri Mar 15 12:23:14 PDT 2019,Mon Mar 18 12:23:14 PDT 2019,Sat Mar 16 15:19:35 PDT 2019,,,121,100% (2/2),100% (2/2),100% (2/2),1077,,
3VJ4PFXFJ5FAT79J1THRDVGGIM1AU7,3PQW4YC2N3D12HCR3PSCJHS8F4ONUF,Complete a Survey About Human Decisions (4 - 8 minutes),Research Survey Affiliated with the University of Pennsylvania,"survey, research",$0.50 ,Fri Mar 15 12:07:42 PDT 2019,200,BatchId:3569833;OriginalHitTemplateId:920937340;,600,259200,Fri Mar 15 13:47:48 PDT 2019,,,3KMS4QQVK5YU8MJ98X4I9TDWDVPKFO,A1XO6ONCCTBMKW,Approved,Fri Mar 15 12:10:26 PDT 2019,Fri Mar 15 12:14:52 PDT 2019,Mon Mar 18 12:14:52 PDT 2019,Sat Mar 16 15:19:35 PDT 2019,,,266,50% (1/2),50% (1/2),50% (1/2),2356,,
3VJ4PFXFJ5FAT79J1THRDVGGIM1AU7,3PQW4YC2N3D12HCR3PSCJHS8F4ONUF,Complete a Survey About Human Decisions (4 - 8 minutes),Research Survey Affiliated with the University of Pennsylvania,"survey, research",$0.50 ,Fri Mar 15 12:07:42 PDT 2019,200,BatchId:3569833;OriginalHitTemplateId:920937340;,600,259200,Fri Mar 15 13:47:48 PDT 2019,,,3KYQYYSHYYFG0TQSFJ1LSARKLNJDOQ,A2MCG5W6LHSRG9,Approved,Fri Mar 15 12:08:17 PDT 2019,Fri Mar 15 12:10:47 PDT 2019,Mon Mar 18 12:10:47 PDT 2019,Sat Mar 16 15:19:35 PDT 2019,,,150,100% (1/1),100% (1/1),100% (1/1),4033,,
3VJ4PFXFJ5FAT79J1THRDVGGIM1AU7,3PQW4YC2N3D12HCR3PSCJHS8F4ONUF,Complete a Survey About Human Decisions (4 - 8 minutes),Research Survey Affiliated with the University of Pennsylvania,"survey, research",$0.50 ,Fri Mar 15 12:07:42 PDT 2019,200,BatchId:3569833;OriginalHitTemplateId:920937340;,600,259200,Fri Mar 15 13:47:48 PDT 2019,,,3L2IS5HSFDQKZA120ZRXNLV3HD9UN2,A20CZCJPRP54G9,Approved,Fri Mar 15 12:11:02 PDT 2019,Fri Mar 15 12:15:36 PDT 2019,Mon Mar 18 12:15:36 PDT 2019,Sat Mar 16 15:19:35 PDT 2019,,,274,100% (1/1),100% (1/1),100% (1/1),8762,,
3VJ4PFXFJ5FAT79J1THRDVGGIM1AU7,3PQW4YC2N3D12HCR3PSCJHS8F4ONUF,Complete a Survey About Human Decisions (4 - 8 minutes),Research Survey Affiliated with the University of Pennsylvania,"survey, research",$0.50 ,Fri Mar 15 12:07:42 PDT 2019,200,BatchId:3569833;OriginalHitTemplateId:920937340;,600,259200,Fri Mar 15 13:47:48 PDT 2019,,,3L4D84MIL20JBY4XL2S6BZPWEMGJH2,A3HSMUPSPOKD0M,Approved,Fri Mar 15 13:42:23 PDT 2019,Fri Mar 15 13:44:08 PDT 2019,Mon Mar 18 13:44:08 PDT 2019,Sat Mar 16 15:19:35 PDT 2019,,,105,100% (1/1),100% (1/1),100% (1/1),6192,,
3VJ4PFXFJ5FAT79J1THRDVGGIM1AU7,3PQW4YC2N3D12HCR3PSCJHS8F4ONUF,Complete a Survey About Human Decisions (4 - 8 minutes),Research Survey Affiliated with the University of Pennsylvania,"survey, research",$0.50 ,Fri Mar 15 12:07:42 PDT 2019,200,BatchId:3569833;OriginalHitTemplateId:920937340;,600,259200,Fri Mar 15 13:47:48 PDT 2019,,,3LEIZ60CDM7GW7RI5C70MCFYE689Z8,AE03LUY7RH400,Approved,Fri Mar 15 12:15:35 PDT 2019,Fri Mar 15 12:19:21 PDT 2019,Mon Mar 18 12:19:21 PDT 2019,Sat Mar 16 15:19:35 PDT 2019,,,226,100% (1/1),100% (1/1),100% (1/1),7748,,
3VJ4PFXFJ5FAT79J1THRDVGGIM1AU7,3PQW4YC2N3D12HCR3PSCJHS8F4ONUF,Complete a Survey About Human Decisions (4 - 8 minutes),Research Survey Affiliated with the University of Pennsylvania,"survey, research",$0.50 ,Fri Mar 15 12:07:42 PDT 2019,200,BatchId:3569833;OriginalHitTemplateId:920937340;,600,259200,Fri Mar 15 13:47:48 PDT 2019,,,3M0NZ3JDP46XVKP62MUJAWAWSB05ZQ,A2NA2OJT15COZY,Approved,Fri Mar 15 13:28:10 PDT 2019,Fri Mar 15 13:29:29 PDT 2019,Mon Mar 18 13:29:29 PDT 2019,Sat Mar 16 15:19:35 PDT 2019,,,79,100% (2/2),100% (2/2),100% (2/2),2675,,
3VJ4PFXFJ5FAT79J1THRDVGGIM1AU7,3PQW4YC2N3D12HCR3PSCJHS8F4ONUF,Complete a Survey About Human Decisions (4 - 8 minutes),Research Survey Affiliated with the University of Pennsylvania,"survey, research",$0.50 ,Fri Mar 15 12:07:42 PDT 2019,200,BatchId:3569833;OriginalHitTemplateId:920937340;,600,259200,Fri Mar 15 13:47:48 PDT 2019,,,3MX2NQ3YCC28QPPR146YDBULKAQ5XF,A2CK0OXMPOR9LE,Approved,Fri Mar 15 12:07:55 PDT 2019,Fri Mar 15 12:10:08 PDT 2019,Mon Mar 18 12:10:08 PDT 2019,Sat Mar 16 15:19:36 PDT 2019,,,133,100% (1/1),100% (1/1),100% (1/1),4172,,
3VJ4PFXFJ5FAT79J1THRDVGGIM1AU7,3PQW4YC2N3D12HCR3PSCJHS8F4ONUF,Complete a Survey About Human Decisions (4 - 8 minutes),Research Survey Affiliated with the University of Pennsylvania,"survey, research",$0.50 ,Fri Mar 15 12:07:42 PDT 2019,200,BatchId:3569833;OriginalHitTemplateId:920937340;,600,259200,Fri Mar 15 13:47:48 PDT 2019,,,3MYYFCXHJ6FF8KQ1YPNKKXOCHOZG4T,A4J4GGMKJ68L0,Approved,Fri Mar 15 12:07:55 PDT 2019,Fri Mar 15 12:12:12 PDT 2019,Mon Mar 18 12:12:12 PDT 2019,Sat Mar 16 15:19:36 PDT 2019,,,257,100% (2/2),100% (2/2),100% (2/2),4884,,
3VJ4PFXFJ5FAT79J1THRDVGGIM1AU7,3PQW4YC2N3D12HCR3PSCJHS8F4ONUF,Complete a Survey About Human Decisions (4 - 8 minutes),Research Survey Affiliated with the University of Pennsylvania,"survey, research",$0.50 ,Fri Mar 15 12:07:42 PDT 2019,200,BatchId:3569833;OriginalHitTemplateId:920937340;,600,259200,Fri Mar 15 13:47:48 PDT 2019,,,3NXNZ5RS1D5XCXLCMHFHVSMZ4E697T,A207IHY6GERCFO,Approved,Fri Mar 15 13:24:20 PDT 2019,Fri Mar 15 13:26:07 PDT 2019,Mon Mar 18 13:26:07 PDT 2019,Sat Mar 16 15:19:36 PDT 2019,,,107,100% (1/1),100% (1/1),100% (1/1),4244,,
3VJ4PFXFJ5FAT79J1THRDVGGIM1AU7,3PQW4YC2N3D12HCR3PSCJHS8F4ONUF,Complete a Survey About Human Decisions (4 - 8 minutes),Research Survey Affiliated with the University of Pennsylvania,"survey, research",$0.50 ,Fri Mar 15 12:07:42 PDT 2019,200,BatchId:3569833;OriginalHitTemplateId:920937340;,600,259200,Fri Mar 15 13:47:48 PDT 2019,,,3OCHAWUVGRSB88AU8RA4F0D3H0QKXK,A2M59R65OZRNNX,Approved,Fri Mar 15 12:44:23 PDT 2019,Fri Mar 15 12:45:53 PDT 2019,Mon Mar 18 12:45:53 PDT 2019,Sat Mar 16 15:19:36 PDT 2019,,,90,100% (1/1),100% (1/1),100% (1/1),9756,,
3VJ4PFXFJ5FAT79J1THRDVGGIM1AU7,3PQW4YC2N3D12HCR3PSCJHS8F4ONUF,Complete a Survey About Human Decisions (4 - 8 minutes),Research Survey Affiliated with the University of Pennsylvania,"survey, research",$0.50 ,Fri Mar 15 12:07:42 PDT 2019,200,BatchId:3569833;OriginalHitTemplateId:920937340;,600,259200,Fri Mar 15 13:47:48 PDT 2019,,,3OS4RQUCRCNTFJFF2KRPAQU6Q1HBFW,A4E1UYPDHE8D8,Approved,Fri Mar 15 12:13:36 PDT 2019,Fri Mar 15 12:16:38 PDT 2019,Mon Mar 18 12:16:38 PDT 2019,Sat Mar 16 15:19:36 PDT 2019,,,182,100% (1/1),100% (1/1),100% (1/1),8373,,
3VJ4PFXFJ5FAT79J1THRDVGGIM1AU7,3PQW4YC2N3D12HCR3PSCJHS8F4ONUF,Complete a Survey About Human Decisions (4 - 8 minutes),Research Survey Affiliated with the University of Pennsylvania,"survey, research",$0.50 ,Fri Mar 15 12:07:42 PDT 2019,200,BatchId:3569833;OriginalHitTemplateId:920937340;,600,259200,Fri Mar 15 13:47:48 PDT 2019,,,3OSWBBLG1H53U24KGAOHBNIDXRODXV,A14W0AXTJ3R19V,Approved,Fri Mar 15 12:08:31 PDT 2019,Fri Mar 15 12:12:00 PDT 2019,Mon Mar 18 12:12:00 PDT 2019,Sat Mar 16 15:19:36 PDT 2019,,,209,100% (2/2),100% (2/2),100% (2/2),3794,,
3VJ4PFXFJ5FAT79J1THRDVGGIM1AU7,3PQW4YC2N3D12HCR3PSCJHS8F4ONUF,Complete a Survey About Human Decisions (4 - 8 minutes),Research Survey Affiliated with the University of Pennsylvania,"survey, research",$0.50 ,Fri Mar 15 12:07:42 PDT 2019,200,BatchId:3569833;OriginalHitTemplateId:920937340;,600,259200,Fri Mar 15 13:47:48 PDT 2019,,,3OVHNO1VE99SZX4ZHSC288YO5RMDZS,ASWZO1WY1UHEP,Approved,Fri Mar 15 12:09:13 PDT 2019,Fri Mar 15 12:14:44 PDT 2019,Mon Mar 18 12:14:44 PDT 2019,Sat Mar 16 15:19:36 PDT 2019,,,331,100% (2/2),100% (2/2),100% (2/2),4917,,
3VJ4PFXFJ5FAT79J1THRDVGGIM1AU7,3PQW4YC2N3D12HCR3PSCJHS8F4ONUF,Complete a Survey About Human Decisions (4 - 8 minutes),Research Survey Affiliated with the University of Pennsylvania,"survey, research",$0.50 ,Fri Mar 15 12:07:42 PDT 2019,200,BatchId:3569833;OriginalHitTemplateId:920937340;,600,259200,Fri Mar 15 13:47:48 PDT 2019,,,3PDJHANYK8O7N3PQ1JYH2VKRSFJH6F,A15A09BRS1Q8W0,Approved,Fri Mar 15 12:14:24 PDT 2019,Fri Mar 15 12:20:46 PDT 2019,Mon Mar 18 12:20:46 PDT 2019,Sat Mar 16 15:19:36 PDT 2019,,,382,100% (1/1),100% (1/1),100% (1/1),7778,,
3VJ4PFXFJ5FAT79J1THRDVGGIM1AU7,3PQW4YC2N3D12HCR3PSCJHS8F4ONUF,Complete a Survey About Human Decisions (4 - 8 minutes),Research Survey Affiliated with the University of Pennsylvania,"survey, research",$0.50 ,Fri Mar 15 12:07:42 PDT 2019,200,BatchId:3569833;OriginalHitTemplateId:920937340;,600,259200,Fri Mar 15 13:47:48 PDT 2019,,,3PM8NZGV81OXJB8PLWU1BMPCG6FQXF,A3KNO82DZ519HG,Approved,Fri Mar 15 12:25:11 PDT 2019,Fri Mar 15 12:31:43 PDT 2019,Mon Mar 18 12:31:43 PDT 2019,Sat Mar 16 15:19:36 PDT 2019,,,392,100% (2/2),100% (2/2),100% (2/2),8702,,
3VJ4PFXFJ5FAT79J1THRDVGGIM1AU7,3PQW4YC2N3D12HCR3PSCJHS8F4ONUF,Complete a Survey About Human Decisions (4 - 8 minutes),Research Survey Affiliated with the University of Pennsylvania,"survey, research",$0.50 ,Fri Mar 15 12:07:42 PDT 2019,200,BatchId:3569833;OriginalHitTemplateId:920937340;,600,259200,Fri Mar 15 13:47:48 PDT 2019,,,3PXX5PX6L06YJSY7R45XWPJFTL7ABL,A19WXS1CLVLEEX,Approved,Fri Mar 15 12:34:30 PDT 2019,Fri Mar 15 12:36:44 PDT 2019,Mon Mar 18 12:36:44 PDT 2019,Sat Mar 16 15:19:36 PDT 2019,,,134,100% (1/1),100% (1/1),100% (1/1),1437,,
3VJ4PFXFJ5FAT79J1THRDVGGIM1AU7,3PQW4YC2N3D12HCR3PSCJHS8F4ONUF,Complete a Survey About Human Decisions (4 - 8 minutes),Research Survey Affiliated with the University of Pennsylvania,"survey, research",$0.50 ,Fri Mar 15 12:07:42 PDT 2019,200,BatchId:3569833;OriginalHitTemplateId:920937340;,600,259200,Fri Mar 15 13:47:48 PDT 2019,,,3QILPRALQ83M1DUPXWQSRTDEKMN8N6,AUK4KGOJP9F0H,Approved,Fri Mar 15 12:47:01 PDT 2019,Fri Mar 15 12:50:30 PDT 2019,Mon Mar 18 12:50:30 PDT 2019,Sat Mar 16 15:19:37 PDT 2019,,,209,100% (1/1),100% (1/1),100% (1/1),9590,,
3VJ4PFXFJ5FAT79J1THRDVGGIM1AU7,3PQW4YC2N3D12HCR3PSCJHS8F4ONUF,Complete a Survey About Human Decisions (4 - 8 minutes),Research Survey Affiliated with the University of Pennsylvania,"survey, research",$0.50 ,Fri Mar 15 12:07:42 PDT 2019,200,BatchId:3569833;OriginalHitTemplateId:920937340;,600,259200,Fri Mar 15 13:47:48 PDT 2019,,,3QY7M81QHAUHTT43QE66L10FF797KA,A1IZ4NX41GKU4X,Approved,Fri Mar 15 12:28:23 PDT 2019,Fri Mar 15 12:30:38 PDT 2019,Mon Mar 18 12:30:38 PDT 2019,Sat Mar 16 15:19:37 PDT 2019,,,135,100% (2/2),100% (2/2),100% (2/2),7821,,
3VJ4PFXFJ5FAT79J1THRDVGGIM1AU7,3PQW4YC2N3D12HCR3PSCJHS8F4ONUF,Complete a Survey About Human Decisions (4 - 8 minutes),Research Survey Affiliated with the University of Pennsylvania,"survey, research",$0.50 ,Fri Mar 15 12:07:42 PDT 2019,200,BatchId:3569833;OriginalHitTemplateId:920937340;,600,259200,Fri Mar 15 13:47:48 PDT 2019,,,3R08VXYT7F38OTYKFSP99CUA2EM7WA,A13V6ZYVF3A7EW,Approved,Fri Mar 15 12:56:38 PDT 2019,Fri Mar 15 12:59:01 PDT 2019,Mon Mar 18 12:59:01 PDT 2019,Sat Mar 16 15:19:37 PDT 2019,,,143,100% (2/2),100% (2/2),100% (2/2),7752,,
3VJ4PFXFJ5FAT79J1THRDVGGIM1AU7,3PQW4YC2N3D12HCR3PSCJHS8F4ONUF,Complete a Survey About Human Decisions (4 - 8 minutes),Research Survey Affiliated with the University of Pennsylvania,"survey, research",$0.50 ,Fri Mar 15 12:07:42 PDT 2019,200,BatchId:3569833;OriginalHitTemplateId:920937340;,600,259200,Fri Mar 15 13:47:48 PDT 2019,,,3S4AW7T80EQVUC429GK0XPTKD5LL44,AIR4UQNPIMFCJ,Approved,Fri Mar 15 12:11:48 PDT 2019,Fri Mar 15 12:16:36 PDT 2019,Mon Mar 18 12:16:36 PDT 2019,Sat Mar 16 15:19:37 PDT 2019,,,288,100% (2/2),100% (2/2),100% (2/2),4815,,
3VJ4PFXFJ5FAT79J1THRDVGGIM1AU7,3PQW4YC2N3D12HCR3PSCJHS8F4ONUF,Complete a Survey About Human Decisions (4 - 8 minutes),Research Survey Affiliated with the University of Pennsylvania,"survey, research",$0.50 ,Fri Mar 15 12:07:42 PDT 2019,200,BatchId:3569833;OriginalHitTemplateId:920937340;,600,259200,Fri Mar 15 13:47:48 PDT 2019,,,3SKRO2GZ74Z3I7P11YPXKR92CL6K1N,A272A0JGRTBFCR,Approved,Fri Mar 15 12:09:56 PDT 2019,Fri Mar 15 12:16:57 PDT 2019,Mon Mar 18 12:16:57 PDT 2019,Sat Mar 16 15:19:37 PDT 2019,,,421,100% (1/1),100% (1/1),100% (1/1),6117,,
3VJ4PFXFJ5FAT79J1THRDVGGIM1AU7,3PQW4YC2N3D12HCR3PSCJHS8F4ONUF,Complete a Survey About Human Decisions (4 - 8 minutes),Research Survey Affiliated with the University of Pennsylvania,"survey, research",$0.50 ,Fri Mar 15 12:07:42 PDT 2019,200,BatchId:3569833;OriginalHitTemplateId:920937340;,600,259200,Fri Mar 15 13:47:48 PDT 2019,,,3SLE99ER0QLZK06F3WLWDIAO26BBZK,AY45B0YHI4TUP,Approved,Fri Mar 15 12:14:11 PDT 2019,Fri Mar 15 12:20:16 PDT 2019,Mon Mar 18 12:20:16 PDT 2019,Sat Mar 16 15:19:37 PDT 2019,,,365,100% (2/2),100% (2/2),100% (2/2),4636,,
3VJ4PFXFJ5FAT79J1THRDVGGIM1AU7,3PQW4YC2N3D12HCR3PSCJHS8F4ONUF,Complete a Survey About Human Decisions (4 - 8 minutes),Research Survey Affiliated with the University of Pennsylvania,"survey, research",$0.50 ,Fri Mar 15 12:07:42 PDT 2019,200,BatchId:3569833;OriginalHitTemplateId:920937340;,600,259200,Fri Mar 15 13:47:48 PDT 2019,,,3TMFV4NEPBMCO733PXHFNCQ5DYR8WX,A5LZENCNU4T1V,Approved,Fri Mar 15 12:47:19 PDT 2019,Fri Mar 15 12:50:51 PDT 2019,Mon Mar 18 12:50:51 PDT 2019,Sat Mar 16 15:19:37 PDT 2019,,,212,100% (1/1),100% (1/1),100% (1/1),7322,,
3VJ4PFXFJ5FAT79J1THRDVGGIM1AU7,3PQW4YC2N3D12HCR3PSCJHS8F4ONUF,Complete a Survey About Human Decisions (4 - 8 minutes),Research Survey Affiliated with the University of Pennsylvania,"survey, research",$0.50 ,Fri Mar 15 12:07:42 PDT 2019,200,BatchId:3569833;OriginalHitTemplateId:920937340;,600,259200,Fri Mar 15 13:47:48 PDT 2019,,,3VE8AYVF8P5ADLH8Z87FJO45IV08FY,A2H4HYDU6FFAMQ,Approved,Fri Mar 15 12:39:57 PDT 2019,Fri Mar 15 12:46:39 PDT 2019,Mon Mar 18 12:46:39 PDT 2019,Sat Mar 16 15:19:37 PDT 2019,,,402,100% (1/1),100% (1/1),100% (1/1),4214,,
3VJ4PFXFJ5FAT79J1THRDVGGIM1AU7,3PQW4YC2N3D12HCR3PSCJHS8F4ONUF,Complete a Survey About Human Decisions (4 - 8 minutes),Research Survey Affiliated with the University of Pennsylvania,"survey, research",$0.50 ,Fri Mar 15 12:07:42 PDT 2019,200,BatchId:3569833;OriginalHitTemplateId:920937340;,600,259200,Fri Mar 15 13:47:48 PDT 2019,,,3VJ40NV2QLVNHIMP1910XE96O9EOTR,A1T3ROSW2LC4FG,Approved,Fri Mar 15 13:01:10 PDT 2019,Fri Mar 15 13:03:20 PDT 2019,Mon Mar 18 13:03:20 PDT 2019,Sat Mar 16 15:19:37 PDT 2019,,,130,100% (1/1),100% (1/1),100% (1/1),7686,,
3VJ4PFXFJ5FAT79J1THRDVGGIM1AU7,3PQW4YC2N3D12HCR3PSCJHS8F4ONUF,Complete a Survey About Human Decisions (4 - 8 minutes),Research Survey Affiliated with the University of Pennsylvania,"survey, research",$0.50 ,Fri Mar 15 12:07:42 PDT 2019,200,BatchId:3569833;OriginalHitTemplateId:920937340;,600,259200,Fri Mar 15 13:47:48 PDT 2019,,,3WT783CTPEPMC7V5BI1O2K93TOOBCK,A2UIGDOLX5RV95,Approved,Fri Mar 15 12:08:16 PDT 2019,Fri Mar 15 12:09:18 PDT 2019,Mon Mar 18 12:09:18 PDT 2019,Sat Mar 16 15:19:38 PDT 2019,,,62,100% (1/1),100% (1/1),100% (1/1),8320,,
3VJ4PFXFJ5FAT79J1THRDVGGIM1AU7,3PQW4YC2N3D12HCR3PSCJHS8F4ONUF,Complete a Survey About Human Decisions (4 - 8 minutes),Research Survey Affiliated with the University of Pennsylvania,"survey, research",$0.50 ,Fri Mar 15 12:07:42 PDT 2019,200,BatchId:3569833;OriginalHitTemplateId:920937340;,600,259200,Fri Mar 15 13:47:48 PDT 2019,,,3X31TUMD70UE2D7JMY1YZRMH1LBL1R,A3QC57KUVJP5EW,Approved,Fri Mar 15 12:11:24 PDT 2019,Fri Mar 15 12:13:15 PDT 2019,Mon Mar 18 12:13:15 PDT 2019,Sat Mar 16 15:19:38 PDT 2019,,,111,100% (1/1),100% (1/1),100% (1/1),7318,,
3VJ4PFXFJ5FAT79J1THRDVGGIM1AU7,3PQW4YC2N3D12HCR3PSCJHS8F4ONUF,Complete a Survey About Human Decisions (4 - 8 minutes),Research Survey Affiliated with the University of Pennsylvania,"survey, research",$0.50 ,Fri Mar 15 12:07:42 PDT 2019,200,BatchId:3569833;OriginalHitTemplateId:920937340;,600,259200,Fri Mar 15 13:47:48 PDT 2019,,,3X73LLYYQ4MFUOVI00KY466DN6JHN2,A2F8YFFRKK14QD,Approved,Fri Mar 15 13:26:57 PDT 2019,Fri Mar 15 13:29:34 PDT 2019,Mon Mar 18 13:29:34 PDT 2019,Sat Mar 16 15:19:38 PDT 2019,,,157,100% (1/1),100% (1/1),100% (1/1),6083,,
3VJ4PFXFJ5FAT79J1THRDVGGIM1AU7,3PQW4YC2N3D12HCR3PSCJHS8F4ONUF,Complete a Survey About Human Decisions (4 - 8 minutes),Research Survey Affiliated with the University of Pennsylvania,"survey, research",$0.50 ,Fri Mar 15 12:07:42 PDT 2019,200,BatchId:3569833;OriginalHitTemplateId:920937340;,600,259200,Fri Mar 15 13:47:48 PDT 2019,,,3Y5140Z9D0OFT4IFMXFB87CNNXNIPE,A2MKXI4KCRRI7Y,Approved,Fri Mar 15 12:08:19 PDT 2019,Fri Mar 15 12:09:37 PDT 2019,Mon Mar 18 12:09:37 PDT 2019,Sat Mar 16 15:19:38 PDT 2019,,,78,67% (2/3),67% (2/3),67% (2/3),6277,,
3VJ4PFXFJ5FAT79J1THRDVGGIM1AU7,3PQW4YC2N3D12HCR3PSCJHS8F4ONUF,Complete a Survey About Human Decisions (4 - 8 minutes),Research Survey Affiliated with the University of Pennsylvania,"survey, research",$0.50 ,Fri Mar 15 12:07:42 PDT 2019,200,BatchId:3569833;OriginalHitTemplateId:920937340;,600,259200,Fri Mar 15 13:47:48 PDT 2019,,,3YOH7BII0CFJ4J5Z8C9MRFGI1PEVKO,A2VE5IV9OD2SK1,Approved,Fri Mar 15 12:18:44 PDT 2019,Fri Mar 15 12:20:30 PDT 2019,Mon Mar 18 12:20:30 PDT 2019,Sat Mar 16 15:19:38 PDT 2019,,,106,100% (1/1),100% (1/1),100% (1/1),4876,,
3VJ4PFXFJ5FAT79J1THRDVGGIM1AU7,3PQW4YC2N3D12HCR3PSCJHS8F4ONUF,Complete a Survey About Human Decisions (4 - 8 minutes),Research Survey Affiliated with the University of Pennsylvania,"survey, research",$0.50 ,Fri Mar 15 12:07:42 PDT 2019,200,BatchId:3569833;OriginalHitTemplateId:920937340;,600,259200,Fri Mar 15 13:47:48 PDT 2019,,,3Z9WI9EOZ2WEMIAF3NSICEP9TA3KHN,A2EO6IBGQEOMLB,Approved,Fri Mar 15 12:15:57 PDT 2019,Fri Mar 15 12:21:19 PDT 2019,Mon Mar 18 12:21:19 PDT 2019,Sat Mar 16 15:19:38 PDT 2019,,,322,100% (1/1),100% (1/1),100% (1/1),5992,,
