StartDate,EndDate,Status,IPAddress,Progress,Duration (in seconds),Finished,RecordedDate,ResponseId,RecipientLastName,RecipientFirstName,RecipientEmail,ExternalReference,LocationLatitude,LocationLongitude,DistributionChannel,UserLanguage,AWNA,PLNA,PLA,AWA,Age,School,Employment,HHI,Industry,Sex,per_week,time_spent,lifestyle,country,attention,lose,win_work,win_invest,confirm
Start Date,End Date,Response Type,IP Address,Progress,Duration (in seconds),Finished,Recorded Date,Response ID,Recipient Last Name,Recipient First Name,Recipient Email,External Data Reference,Location Latitude,Location Longitude,Distribution Channel,User Language,"Please select one of the two payout options below. At the end of the survey, there is a 10% chance that your choice will be carried out and you will receive the payout for the option you have selected as a worker bonus.","Please select one of the two payout options below. At the end of the survey, there is a 10% chance that your choice will be carried out and you will receive the payout for the option you have selected as a worker bonus.","Please select one of the two payout options below. At the end of the survey, there is a 10% chance that your choice will be carried out and you will receive the payout for the option you have selected as a worker bonus.","Please select one of the two payout options below. At the end of the survey, there is a 10% chance that your choice will be carried out and you will receive the payout for the option you have selected as a worker bonus.",How old are you?,What is the highest level of school you have completed or the highest degree you have received?,Which statement best describes your current employment status?,"Please estimate your household's annual income (before taxes), and select the appropriate option below.",Please indicate your occupation's industry:,What is your sex?,How often do you use Mechanical Turk each Week?,How long do you spend on Mechanical Turk on a day when you use the platform?,How does the money you earn from Mechanical Turk affect your lifestyle?,I am responding to this survey from:,"Some people race through questions, randomly selecting answers to move forward. To demonstrate you are paying attention, please do not select an answer for this question.",Your survey was not randomly selected for a payout.,"Your survey was randomly selected for a payout. As you selected the option to ""work"" at the beginning of the survey, you will receive a bonus payment of $10.00 within the next few weeks to your Mechanical Turk account.","Your survey was randomly selected for a payout. As you selected the option to invest at the beginning of the survey, you will receive a bonus payment in accordance with your selected option within the next few weeks to your Mechanical Turk account.","This number serves as your confirmation code for Mechanical Turk: [int-1000:9999].



Please copy and paste it into the box below, and save the number to submit to the Mechanical Turk HIT for survey completion credit. The number you place in the box below must match what you submit to Mechanical Turk to receive completion credit for this HIT."
"{""ImportId"":""startDate"",""timeZone"":""America/Denver""}","{""ImportId"":""endDate"",""timeZone"":""America/Denver""}","{""ImportId"":""status""}","{""ImportId"":""ipAddress""}","{""ImportId"":""progress""}","{""ImportId"":""duration""}","{""ImportId"":""finished""}","{""ImportId"":""recordedDate"",""timeZone"":""America/Denver""}","{""ImportId"":""_recordId""}","{""ImportId"":""recipientLastName""}","{""ImportId"":""recipientFirstName""}","{""ImportId"":""recipientEmail""}","{""ImportId"":""externalDataReference""}","{""ImportId"":""locationLatitude""}","{""ImportId"":""locationLongitude""}","{""ImportId"":""distributionChannel""}","{""ImportId"":""userLanguage""}","{""ImportId"":""QID1""}","{""ImportId"":""QID8""}","{""ImportId"":""QID7""}","{""ImportId"":""QID6""}","{""ImportId"":""QID9""}","{""ImportId"":""QID10""}","{""ImportId"":""QID12""}","{""ImportId"":""QID13""}","{""ImportId"":""QID17""}","{""ImportId"":""QID14""}","{""ImportId"":""QID19""}","{""ImportId"":""QID20""}","{""ImportId"":""QID21""}","{""ImportId"":""QID23""}","{""ImportId"":""QID35""}","{""ImportId"":""QID26""}","{""ImportId"":""QID32""}","{""ImportId"":""QID33""}","{""ImportId"":""QID34_TEXT""}"
2019-03-11 10:05:10,2019-03-11 10:06:06,Survey Preview,,100,56,True,2019-03-11 10:06:07,R_3k25Yqect9b03jQ,,,,,39.9597015380859375,-75.19950103759765625,preview,EN,,,,"Investment Choice - Choose to ""invest"". You should know that the last 20 investment decisions yielded payouts of:

$11.16, $10.93, $10.87, $11.10, $11.15, $10.93, $11.34, $11.14, $10.59, $10.08, $10.79, $11.77, $11.35, $10.79, $10.97, $11.41, $11.02, $10.66, $11.01, $11.21",45 - 54,Associate or Technical degree in college (2-year),Part-time employed,"$40,000 - $49,999","Management, professional, and related",Non-binary,Once a week,More than 7 hours,,India,,Select here to acknowledge your understanding,,,
2019-03-11 10:07:27,2019-03-11 10:08:51,Survey Preview,,100,83,True,2019-03-11 10:08:51,R_pgEZWgFpKiiNlUB,,,,,39.9597015380859375,-75.19950103759765625,preview,EN,,"Investment Choice - Receipt of $9.00 with 50 percent probability, receipt of $13.00 with 50 percent probability",,,45 - 54,Associate or Technical degree in college (2-year),Not working and seeking employment,"$40,000 - $49,999",Sales and office,Female,Once or twice a month,1 - 2 hours,Mechanical Turk money does not materially change my financial situation,Another Country,,Select here to acknowledge your understanding,,,
2019-03-11 10:12:14,2019-03-11 10:13:06,Survey Preview,,100,51,True,2019-03-11 10:13:06,R_10ZNs1aSVXMihNf,,,,,39.9597015380859375,-75.19950103759765625,preview,EN,,,,Wage Choice - Guaranteed Receipt of $10.00,55 - 64,Master's degree,Not working and seeking employment,"$20,000 - $29,999","Farming, fishing, and forestry",Male,Once a week,1 - 2 hours,Mechanical Turk money is always needed to make basic ends meet,The United States,,Select here to acknowledge your understanding,,,
2019-03-11 10:14:29,2019-03-11 10:15:00,Survey Preview,,100,30,True,2019-03-11 10:15:00,R_12tENstwHfbDShz,,,,,39.9597015380859375,-75.19950103759765625,preview,EN,,"Investment Choice - Receipt of $9.00 with 50 percent probability, receipt of $13.00 with 50 percent probability",,,45 - 54,Associate or Technical degree in college (2-year),Not working and seeking employment,"$30,000 - $39,999","Farming, fishing, and forestry",Female,Once a week,More than 7 hours,Mechanical Turk money allows me to purchase nice goods which otherwise would be out of reach,The United States,,Select here to acknowledge your understanding,,,
2019-03-11 10:17:34,2019-03-11 10:18:27,Survey Preview,,100,53,True,2019-03-11 10:18:28,R_3CAYU35r1ugB9VH,,,,,39.9597015380859375,-75.19950103759765625,preview,EN,,,"Investment Choice - Choose to ""invest"". You should know that the last 20 investment decisions yielded payouts of:

$9.45, $10.47, $8.69, $10.95, $10.95, $11.79, $11.74, $11.81, $10.58, $11.54, $12.26, $12.29, $8.93, $12.21, $11.33, $11.25, $11.22, $8.99, $11.84, $8.92",,25 - 34,Master's degree,Part-time looking for full-time,"$40,000 - $49,999",Service,Female,Once a week,5 - 6 hours,Mechanical Turk money allows me to purchase nice goods which otherwise would be out of reach,India,,,,,
2019-03-11 10:18:30,2019-03-11 10:19:06,Survey Preview,,100,36,True,2019-03-11 10:19:07,R_3GDQwGbyxt4WVM6,,,,,39.9597015380859375,-75.19950103759765625,preview,EN,,"Investment Choice - Receipt of $9.00 with 50 percent probability, receipt of $13.00 with 50 percent probability",,,25 - 34,Bachelor's degree in college (4-year),Part-time employed,"$30,000 - $39,999","Farming, fishing, and forestry",Male,Once or twice a month,3 - 4 hours,Mechanical Turk money does not materially change my financial situation,Another Country,,,,,
2019-03-11 10:19:10,2019-03-11 10:19:55,Survey Preview,,100,44,True,2019-03-11 10:19:55,R_81gKurvdSA6KVkR,,,,,39.9597015380859375,-75.19950103759765625,preview,EN,Wage Choice - Guaranteed Receipt of $10.00,,,,Under 18,"Professional degree (JD, MD)",Full-time employed,"$20,000 - $29,999",Service,Female,2-3 times a week,5 - 6 hours,Mechanical Turk money is always needed to make basic ends meet,India,,,,,
2019-03-11 10:26:16,2019-03-11 10:26:51,Survey Preview,,100,34,True,2019-03-11 10:26:51,R_3J3jhW2lnpi02f2,,,,,39.9597015380859375,-75.19950103759765625,preview,EN,,,"Investment Choice - Choose to ""invest"". You should know that the last 20 investment decisions yielded payouts of:

$9.45, $10.47, $8.69, $10.95, $10.95, $11.79, $11.74, $11.81, $10.58, $11.54, $12.26, $12.29, $8.93, $12.21, $11.33, $11.25, $11.22, $8.99, $11.84, $8.92",,45 - 54,Doctoral degree,Not Working (disabled),"$40,000 - $49,999",Service,Female,Once a week,Less than 30 minutes,Mechanical Turk money does not materially change my financial situation,Canada,,Select here to acknowledge your understanding,,,
2019-03-11 10:26:54,2019-03-11 10:27:21,Survey Preview,,100,27,True,2019-03-11 10:27:22,R_31aDpkWRMsvsUuZ,,,,,39.9597015380859375,-75.19950103759765625,preview,EN,,,,Wage Choice - Guaranteed Receipt of $10.00,25 - 34,Master's degree,Part-time looking for full-time,"$70,000 - $79,999",Government,Non-binary,4-6 times a week,More than 7 hours,Mechanical Turk money does not materially change my financial situation,The United States,,Select here to acknowledge your understanding,,,
2019-03-11 10:27:24,2019-03-11 10:27:57,Survey Preview,,100,32,True,2019-03-11 10:27:58,R_3CuSwYnw67PjKuJ,,,,,39.9597015380859375,-75.19950103759765625,preview,EN,,,Wage Choice - Guaranteed Receipt of $10.00,,25 - 34,Master's degree,Not Working (disabled),"$20,000 - $29,999","Management, professional, and related",Male,2-3 times a week,Less than 30 minutes,Mechanical Turk money does not materially change my financial situation,Canada,,,Select here to acknowledge your understanding,,
2019-03-11 10:35:43,2019-03-11 10:36:16,Survey Preview,,100,33,True,2019-03-11 10:36:16,R_2TZbChYINAC04bP,,,,,39.9597015380859375,-75.19950103759765625,preview,EN,,"Investment Choice - Receipt of $9.00 with 50 percent probability, receipt of $13.00 with 50 percent probability",,,45 - 54,"Professional degree (JD, MD)",Not working and seeking employment,"$20,000 - $29,999","Farming, fishing, and forestry",Female,Daily,3 - 4 hours,Mechanical Turk money allows me to purchase nice goods which otherwise would be out of reach,The United Kingdom,,Select here to acknowledge your understanding,,,
2019-03-11 10:47:15,2019-03-11 10:48:23,Survey Preview,,100,68,True,2019-03-11 10:48:23,R_1MLJ0zHkSMlQtwd,,,,,39.9597015380859375,-75.19950103759765625,preview,EN,,,Wage Choice - Guaranteed Receipt of $10.00,,18 - 24,"Professional degree (JD, MD)",Not working and seeking employment,"$30,000 - $39,999",Sales and office,Non-binary,Once a week,Less than 30 minutes,Mechanical Turk money is always needed to make basic ends meet,The United Kingdom,,,,,2160
2019-03-11 10:55:02,2019-03-11 10:56:05,Survey Preview,,100,62,True,2019-03-11 10:56:05,R_247Y288Sx8Je9se,,,,,39.9597015380859375,-75.19950103759765625,preview,EN,"Investment Choice - Receipt of $10 with 50% probability, receipt of $12 with 50% probability",,,,45 - 54,Some college but no degree,Part-time looking for full-time,"$70,000 - $79,999","Management, professional, and related",Female,4-6 times a week,3 - 4 hours,Mechanical Turk money is always needed to make basic ends meet,The United States,,Select here to acknowledge your understanding,,,2543
2019-03-11 11:04:04,2019-03-11 11:04:45,Survey Preview,,100,41,True,2019-03-11 11:04:45,R_3FIf87jS8IIgOY6,,,,,39.9597015380859375,-75.19950103759765625,preview,EN,,"Investment Choice - Receipt of $9.00 with 50 percent probability, receipt of $13.00 with 50 percent probability",,,18 - 24,Master's degree,Not working and seeking employment,"$30,000 - $39,999","Management, professional, and related",Male,Once or twice a month,30 - 60 Minutes,Mechanical Turk money allows me to purchase nice goods which otherwise would be out of reach,India,Europe,Select here to acknowledge your understanding,,,1370
2019-03-13 09:38:47,2019-03-13 09:39:50,IP Address,165.123.108.250,100,62,True,2019-03-13 09:39:50,R_10veMIcVRFmJDqX,,,,,39.9597015380859375,-75.19950103759765625,anonymous,EN,,,,"Investment Choice - Choose to ""invest"". You should know that the last 20 investment decisions yielded payouts of:

$11.16, $10.93, $10.87, $11.10, $11.15, $10.93, $11.34, $11.14, $10.59, $10.08, $10.79, $11.77, $11.35, $10.79, $10.97, $11.41, $11.02, $10.66, $11.01, $11.21",18 - 24,Bachelor's degree in college (4-year),Part-time looking for full-time,"$100,000 - $149,999","Construction, extraction, and maintenance",Male,4-6 times a week,3 - 4 hours,Mechanical Turk money allows me to purchase nice goods which otherwise would be out of reach,The United Kingdom,South America,Select here to acknowledge your understanding,,,2966
2019-03-13 11:39:33,2019-03-13 11:46:11,IP Address,158.130.174.38,100,398,True,2019-03-13 11:46:11,R_3qlIbDYNCCS77xw,,,,,39.9597015380859375,-75.19950103759765625,anonymous,EN,,,,Wage Choice - Guaranteed Receipt of $10.00,18 - 24,High school graduate (high school diploma or equivalent including GED),Part-time employed,"More than $150,000",Unemployed,Female,Once or twice a month,5 - 6 hours,Mechanical Turk money does not materially change my financial situation,Another Country,North America,Select here to acknowledge your understanding,,,6849
2019-03-13 11:46:14,2019-03-13 11:48:27,IP Address,158.130.174.38,100,133,True,2019-03-13 11:48:28,R_vjjsqeEkC0TMvHb,,,,,39.9597015380859375,-75.19950103759765625,anonymous,EN,Wage Choice - Guaranteed Receipt of $10.00,,,,65 - 74,High school graduate (high school diploma or equivalent including GED),Not working and seeking employment,"Less than $10,000",Sales and office,Non-binary,2-3 times a week,30 - 60 Minutes,Mechanical Turk money is sometimes needed to make basic ends meet,The United States,,Select here to acknowledge your understanding,,,9078
2019-03-13 11:48:30,2019-03-13 11:49:02,IP Address,158.130.174.38,100,31,True,2019-03-13 11:49:03,R_vc3ssQ4qDf7b6dH,,,,,39.9597015380859375,-75.19950103759765625,anonymous,EN,,,,Wage Choice - Guaranteed Receipt of $10.00,45 - 54,Master's degree,Retired,"$10,000 - $19,999","Management, professional, and related",Female,4-6 times a week,30 - 60 Minutes,Mechanical Turk money allows me to purchase nice goods which otherwise would be out of reach,The United Kingdom,,Select here to acknowledge your understanding,,,2285
2019-03-13 11:49:04,2019-03-13 11:49:55,IP Address,158.130.174.38,100,51,True,2019-03-13 11:49:56,R_2CljDUEnlJRmMC7,,,,,39.9597015380859375,-75.19950103759765625,anonymous,EN,,,,"Investment Choice - Choose to ""invest"". You should know that the last 20 investment decisions yielded payouts of:

$11.16, $10.93, $10.87, $11.10, $11.15, $10.93, $11.34, $11.14, $10.59, $10.08, $10.79, $11.77, $11.35, $10.79, $10.97, $11.41, $11.02, $10.66, $11.01, $11.21",Under 18,Doctoral degree,Prefer not to answer,"$10,000 - $19,999",Government,Female,4-6 times a week,1 - 2 hours,Mechanical Turk money allows me to purchase nice goods which otherwise would be out of reach,Another Country,,Select here to acknowledge your understanding,,,1738
2019-03-13 11:49:59,2019-03-13 11:50:25,IP Address,158.130.174.38,100,26,True,2019-03-13 11:50:26,R_a3GSjLDpj1M6v85,,,,,39.9597015380859375,-75.19950103759765625,anonymous,EN,,,Wage Choice - Guaranteed Receipt of $10.00,,35 - 44,Associate or Technical degree in college (2-year),Part-time looking for full-time,"$20,000 - $29,999","Management, professional, and related",Female,4-6 times a week,30 - 60 Minutes,Mechanical Turk money is always needed to make basic ends meet,Canada,,Select here to acknowledge your understanding,,,4695
2019-03-13 11:50:27,2019-03-13 11:50:54,IP Address,158.130.174.38,100,26,True,2019-03-13 11:50:54,R_us2AoTxKzPodb7b,,,,,39.9597015380859375,-75.19950103759765625,anonymous,EN,,,"Investment Choice - Choose to ""invest"". You should know that the last 20 investment decisions yielded payouts of:

$9.45, $10.47, $8.69, $10.95, $10.95, $11.79, $11.74, $11.81, $10.58, $11.54, $12.26, $12.29, $8.93, $12.21, $11.33, $11.25, $11.22, $8.99, $11.84, $8.92",,25 - 34,Bachelor's degree in college (4-year),Not working and seeking employment,"$20,000 - $29,999","Construction, extraction, and maintenance",Male,2-3 times a week,3 - 4 hours,Mechanical Turk money allows me to purchase nice goods which otherwise would be out of reach,The United Kingdom,,Select here to acknowledge your understanding,,,1029
2019-03-13 11:50:55,2019-03-13 11:51:53,IP Address,158.130.174.38,100,57,True,2019-03-13 11:51:53,R_3qy533Nd7EctOr7,,,,,39.9597015380859375,-75.19950103759765625,anonymous,EN,"Investment Choice - Receipt of $10 with 50% probability, receipt of $12 with 50% probability",,,,25 - 34,"Professional degree (JD, MD)",Not working and seeking employment,"Less than $10,000","Production, transportation, and material moving",Female,Once a week,3 - 4 hours,Mechanical Turk money is always needed to make basic ends meet,India,Asia,Select here to acknowledge your understanding,,,6728
2019-03-13 11:51:59,2019-03-13 11:52:40,IP Address,158.130.174.38,100,40,True,2019-03-13 11:52:40,R_1flqxVmdREZb1Mg,,,,,39.9597015380859375,-75.19950103759765625,anonymous,EN,,"Investment Choice - Receipt of $9.00 with 50 percent probability, receipt of $13.00 with 50 percent probability",,,25 - 34,High school graduate (high school diploma or equivalent including GED),Not Working (disabled),"$20,000 - $29,999",Unemployed,Female,Once a week,1 - 2 hours,Mechanical Turk money is always needed to make basic ends meet,India,,,,Select here to acknowledge your understanding,3397
2019-03-13 11:52:42,2019-03-13 11:53:16,IP Address,158.130.174.38,100,34,True,2019-03-13 11:53:17,R_1cXLahj3cGis77X,,,,,39.9597015380859375,-75.19950103759765625,anonymous,EN,"Investment Choice - Receipt of $10 with 50% probability, receipt of $12 with 50% probability",,,,25 - 34,"Professional degree (JD, MD)",Not working and seeking employment,"$10,000 - $19,999","Management, professional, and related",Female,Once a week,5 - 6 hours,Mechanical Turk money is always needed to make basic ends meet,The United Kingdom,,Select here to acknowledge your understanding,,,7880
2019-03-13 11:53:18,2019-03-13 11:53:47,IP Address,158.130.174.38,100,28,True,2019-03-13 11:53:47,R_3Li3slSNlOFC9Pj,,,,,39.9597015380859375,-75.19950103759765625,anonymous,EN,,"Investment Choice - Receipt of $9.00 with 50 percent probability, receipt of $13.00 with 50 percent probability",,,35 - 44,High school graduate (high school diploma or equivalent including GED),Not Working (disabled),"$30,000 - $39,999",Government,Male,2-3 times a week,30 - 60 Minutes,Mechanical Turk money is sometimes needed to make basic ends meet,The United Kingdom,Asia,Select here to acknowledge your understanding,,,6897
2019-03-13 11:53:49,2019-03-13 11:54:21,IP Address,158.130.174.38,100,32,True,2019-03-13 11:54:21,R_C30A0adMoGNysKd,,,,,39.9597015380859375,-75.19950103759765625,anonymous,EN,"Investment Choice - Receipt of $10 with 50% probability, receipt of $12 with 50% probability",,,,25 - 34,High school graduate (high school diploma or equivalent including GED),Part-time employed,"$20,000 - $29,999",Service,Female,Once or twice a month,5 - 6 hours,Mechanical Turk money allows me to purchase nice goods which otherwise would be out of reach,Canada,,Select here to acknowledge your understanding,,,5476
2019-03-13 11:54:25,2019-03-13 11:58:31,IP Address,158.130.174.38,100,246,True,2019-03-13 11:58:32,R_ABfvz72nKi75HYB,,,,,39.9597015380859375,-75.19950103759765625,anonymous,EN,,,,"Investment Choice - Choose to ""invest"". You should know that the last 20 investment decisions yielded payouts of:

$11.16, $10.93, $10.87, $11.10, $11.15, $10.93, $11.34, $11.14, $10.59, $10.08, $10.79, $11.77, $11.35, $10.79, $10.97, $11.41, $11.02, $10.66, $11.01, $11.21",35 - 44,Associate or Technical degree in college (2-year),Not working and seeking employment,"$20,000 - $29,999",Service,Non-binary,4-6 times a week,3 - 4 hours,Mechanical Turk money is always needed to make basic ends meet,Canada,,Select here to acknowledge your understanding,,,1253
2019-03-13 11:58:34,2019-03-13 12:21:59,IP Address,158.130.174.38,39,1405,False,2019-03-13 16:22:08,R_31vM7Ebv42iuesh,,,,,,,anonymous,EN,,,,"Investment Choice - Choose to ""invest"". You should know that the last 20 investment decisions yielded payouts of:

$11.16, $10.93, $10.87, $11.10, $11.15, $10.93, $11.34, $11.14, $10.59, $10.08, $10.79, $11.77, $11.35, $10.79, $10.97, $11.41, $11.02, $10.66, $11.01, $11.21",75 - 84,Master's degree,Not working and seeking employment,"$30,000 - $39,999",Unemployed,Female,,,,,,,,,
2019-03-14 11:34:35,2019-03-14 11:39:56,Survey Preview,,100,321,True,2019-03-14 11:39:56,R_1gipoj8vANrAqOS,,,,,39.9597015380859375,-75.19950103759765625,preview,EN,,,Wage Choice - Guaranteed Receipt of $10.00,,Under 18,Less than high school degree,Part-time employed,"$20,000 - $29,999",Service,Female,2-3 times a week,1 - 2 hours,Mechanical Turk money allows me to purchase nice goods which otherwise would be out of reach,Canada,,Select here to acknowledge your understanding,,,1101
2019-03-14 11:43:04,2019-03-14 11:43:41,IP Address,165.123.108.63,100,36,True,2019-03-14 11:43:41,R_1hFlCTSglIbxLq9,,,,,39.9597015380859375,-75.19950103759765625,anonymous,EN,,,,Wage Choice - Guaranteed Receipt of $10.00,55 - 64,Some college but no degree,Part-time looking for full-time,"$40,000 - $49,999",Sales and office,Non-binary,Once a week,30 - 60 Minutes,Mechanical Turk money does not materially change my financial situation,The United Kingdom,,Select here to acknowledge your understanding,,,8017
2019-03-14 11:41:37,2019-03-14 11:51:04,IP Address,128.91.56.196,100,567,True,2019-03-14 11:51:05,R_8nYyzglQOUhMxnX,,,,,39.9597015380859375,-75.19950103759765625,anonymous,EN,,,"Investment Choice - Choose to ""invest"". You should know that the last 20 investment decisions yielded payouts of:

$9.45, $10.47, $8.69, $10.95, $10.95, $11.79, $11.74, $11.81, $10.58, $11.54, $12.26, $12.29, $8.93, $12.21, $11.33, $11.25, $11.22, $8.99, $11.84, $8.92",,25 - 34,Bachelor's degree in college (4-year),Part-time looking for full-time,"$30,000 - $39,999","Farming, fishing, and forestry",Female,Once a week,30 - 60 Minutes,Mechanical Turk money does not materially change my financial situation,The United States,,Select here to acknowledge your understanding,,,4605
2019-03-14 11:53:38,2019-03-14 11:56:11,IP Address,128.91.56.196,100,153,True,2019-03-14 11:56:12,R_2cdCGi0Ey7C4D7y,,,,,39.9597015380859375,-75.19950103759765625,anonymous,EN,"Investment Choice - Receipt of $10 with 50% probability, receipt of $12 with 50% probability",,,,55 - 64,Associate or Technical degree in college (2-year),Not working and seeking employment,"$30,000 - $39,999",Sales and office,Female,Once or twice a month,3 - 4 hours,Mechanical Turk money is sometimes needed to make basic ends meet,Canada,Asia,Select here to acknowledge your understanding,,,5739
2019-03-14 11:54:52,2019-03-14 11:56:36,IP Address,73.119.218.69,100,103,True,2019-03-14 11:56:36,R_bdNzMtF4seBg59f,,,,,43.007293701171875,-71.4481964111328125,anonymous,EN,,"Investment Choice - Receipt of $9.00 with 50 percent probability, receipt of $13.00 with 50 percent probability",,,35 - 44,Some college but no degree,Full-time employed,"$100,000 - $149,999",Sales and office,Female,4-6 times a week,3 - 4 hours,Mechanical Turk money does not materially change my financial situation,The United States,,,,Select here to acknowledge your understanding,5808
2019-03-14 11:55:36,2019-03-14 11:56:44,IP Address,67.11.212.123,100,68,True,2019-03-14 11:56:45,R_3hxX67ae4x9t6i1,,,,,29.5825958251953125,-98.4091033935546875,anonymous,EN,,,"Investment Choice - Choose to ""invest"". You should know that the last 20 investment decisions yielded payouts of:

$9.45, $10.47, $8.69, $10.95, $10.95, $11.79, $11.74, $11.81, $10.58, $11.54, $12.26, $12.29, $8.93, $12.21, $11.33, $11.25, $11.22, $8.99, $11.84, $8.92",,25 - 34,Master's degree,Full-time employed,"$100,000 - $149,999","Management, professional, and related",Male,4-6 times a week,30 - 60 Minutes,Mechanical Turk money does not materially change my financial situation,The United States,,Select here to acknowledge your understanding,,,6199
2019-03-14 11:56:11,2019-03-14 11:57:00,IP Address,65.34.226.212,100,48,True,2019-03-14 11:57:00,R_27JWUv4TK8dp71f,,,,,25.76409912109375,-80.27020263671875,anonymous,EN,,Wage Choice - Guaranteed Receipt of $10.00,,,25 - 34,High school graduate (high school diploma or equivalent including GED),Full-time employed,"$60,000 - $69,999","Management, professional, and related",Male,Daily,3 - 4 hours,Mechanical Turk money is sometimes needed to make basic ends meet,The United States,,Select here to acknowledge your understanding,,,2097
2019-03-14 11:56:29,2019-03-14 11:58:00,IP Address,98.214.237.154,100,90,True,2019-03-14 11:58:00,R_2dyASWovVNUN1Fg,,,,,39.858306884765625,-88.938201904296875,anonymous,EN,,,,"Investment Choice - Choose to ""invest"". You should know that the last 20 investment decisions yielded payouts of:

$11.16, $10.93, $10.87, $11.10, $11.15, $10.93, $11.34, $11.14, $10.59, $10.08, $10.79, $11.77, $11.35, $10.79, $10.97, $11.41, $11.02, $10.66, $11.01, $11.21",35 - 44,High school graduate (high school diploma or equivalent including GED),Full-time employed,"$40,000 - $49,999",Service,Male,Daily,More than 7 hours,Mechanical Turk money is always needed to make basic ends meet,The United States,,Select here to acknowledge your understanding,,,9875
2019-03-14 11:57:11,2019-03-14 11:58:01,IP Address,198.24.30.139,100,50,True,2019-03-14 11:58:01,R_1hFoCmTLsR5Iccd,,,,,38.8502044677734375,-77.14479827880859375,anonymous,EN,,Wage Choice - Guaranteed Receipt of $10.00,,,18 - 24,Bachelor's degree in college (4-year),Full-time employed,"$50,000 - $59,999","Management, professional, and related",Male,Daily,1 - 2 hours,Mechanical Turk money does not materially change my financial situation,The United States,,Select here to acknowledge your understanding,,,8890
2019-03-14 11:56:12,2019-03-14 11:58:13,IP Address,97.83.27.15,100,121,True,2019-03-14 11:58:14,R_Q4w9HS3PJUNwgCt,,,,,42.1974029541015625,-85.6194000244140625,anonymous,EN,"Investment Choice - Receipt of $10 with 50% probability, receipt of $12 with 50% probability",,,,55 - 64,Some college but no degree,Retired,"$20,000 - $29,999",Retired,Male,Daily,More than 7 hours,Mechanical Turk money allows me to purchase nice goods which otherwise would be out of reach,The United States,,Select here to acknowledge your understanding,,,6117
2019-03-14 11:56:03,2019-03-14 11:58:28,IP Address,75.55.154.34,100,145,True,2019-03-14 11:58:29,R_2c2t0RjC5ZYmCEl,,,,,36.609893798828125,-88.30319976806640625,anonymous,EN,"Investment Choice - Receipt of $10 with 50% probability, receipt of $12 with 50% probability",,,,35 - 44,Bachelor's degree in college (4-year),Full-time employed,"$10,000 - $19,999",Sales and office,Male,Daily,More than 7 hours,Mechanical Turk money is always needed to make basic ends meet,The United States,,Select here to acknowledge your understanding,,,3223
2019-03-14 11:57:16,2019-03-14 11:58:37,IP Address,100.7.42.168,100,81,True,2019-03-14 11:58:37,R_215OuUDxePh4Zrg,,,,,37.48150634765625,-77.64189910888671875,anonymous,EN,,,,"Investment Choice - Choose to ""invest"". You should know that the last 20 investment decisions yielded payouts of:

$11.16, $10.93, $10.87, $11.10, $11.15, $10.93, $11.34, $11.14, $10.59, $10.08, $10.79, $11.77, $11.35, $10.79, $10.97, $11.41, $11.02, $10.66, $11.01, $11.21",45 - 54,Some college but no degree,Full-time employed,"$20,000 - $29,999",Service,Male,Daily,1 - 2 hours,Mechanical Turk money allows me to purchase nice goods which otherwise would be out of reach,The United States,,Select here to acknowledge your understanding,,,9479
2019-03-14 11:56:46,2019-03-14 11:59:01,IP Address,103.219.206.4,100,134,True,2019-03-14 11:59:01,R_3iHY0UuPgbtDVPn,,,,,11.92999267578125,79.829986572265625,anonymous,EN,,,Wage Choice - Guaranteed Receipt of $10.00,,25 - 34,Master's degree,Full-time employed,"Less than $10,000","Management, professional, and related",Male,Daily,More than 7 hours,Mechanical Turk money is always needed to make basic ends meet,India,,,Select here to acknowledge your understanding,,8760
2019-03-14 11:57:38,2019-03-14 11:59:15,IP Address,75.172.163.127,100,96,True,2019-03-14 11:59:15,R_3GD7Cg6i8smFeSO,,,,,47.5740966796875,-122.39749908447265625,anonymous,EN,,"Investment Choice - Receipt of $9.00 with 50 percent probability, receipt of $13.00 with 50 percent probability",,,45 - 54,Some college but no degree,Full-time employed,"$50,000 - $59,999","Management, professional, and related",Female,Daily,3 - 4 hours,Mechanical Turk money does not materially change my financial situation,The United States,,Select here to acknowledge your understanding,,,2026
2019-03-14 11:56:32,2019-03-14 11:59:20,IP Address,73.198.13.141,100,167,True,2019-03-14 11:59:20,R_yOzN1d1PUq5CinD,,,,,39.3773040771484375,-74.61229705810546875,anonymous,EN,,"Investment Choice - Receipt of $9.00 with 50 percent probability, receipt of $13.00 with 50 percent probability",,,25 - 34,Bachelor's degree in college (4-year),Full-time employed,"$60,000 - $69,999",Sales and office,Male,4-6 times a week,3 - 4 hours,Mechanical Turk money allows me to purchase nice goods which otherwise would be out of reach,The United States,,Select here to acknowledge your understanding,,,7355
2019-03-14 11:56:00,2019-03-14 11:59:23,IP Address,68.195.11.250,100,202,True,2019-03-14 11:59:23,R_3HhjVWQEhItcI3p,,,,,40.87640380859375,-74.08380126953125,anonymous,EN,Wage Choice - Guaranteed Receipt of $10.00,,,,25 - 34,Bachelor's degree in college (4-year),Full-time employed,"$30,000 - $39,999",Sales and office,Male,4-6 times a week,3 - 4 hours,Mechanical Turk money is sometimes needed to make basic ends meet,The United States,,Select here to acknowledge your understanding,,,5679
2019-03-14 11:57:16,2019-03-14 11:59:36,IP Address,128.91.56.196,100,140,True,2019-03-14 11:59:36,R_elohFTqPXh4A4cF,,,,,39.9597015380859375,-75.19950103759765625,anonymous,EN,,,,"Investment Choice - Choose to ""invest"". You should know that the last 20 investment decisions yielded payouts of:

$11.16, $10.93, $10.87, $11.10, $11.15, $10.93, $11.34, $11.14, $10.59, $10.08, $10.79, $11.77, $11.35, $10.79, $10.97, $11.41, $11.02, $10.66, $11.01, $11.21",35 - 44,Master's degree,Not Working (disabled),"$30,000 - $39,999","Farming, fishing, and forestry",Female,2-3 times a week,3 - 4 hours,Mechanical Turk money is always needed to make basic ends meet,The United Kingdom,Europe,Select here to acknowledge your understanding,,,1466
2019-03-14 11:54:55,2019-03-14 11:59:45,IP Address,103.110.238.237,100,289,True,2019-03-14 11:59:45,R_1ov7FuROllIwMOR,,,,,11.350006103515625,77.733306884765625,anonymous,EN,,Wage Choice - Guaranteed Receipt of $10.00,,,25 - 34,Bachelor's degree in college (4-year),Full-time employed,"Less than $10,000","Management, professional, and related",Male,Daily,3 - 4 hours,Mechanical Turk money is always needed to make basic ends meet,India,,Select here to acknowledge your understanding,,,1134
2019-03-14 11:58:02,2019-03-14 11:59:58,IP Address,72.23.76.157,100,115,True,2019-03-14 11:59:58,R_2AE8GCtP12FU4o7,,,,,39.2790985107421875,-81.00189971923828125,anonymous,EN,Wage Choice - Guaranteed Receipt of $10.00,,,,45 - 54,Associate or Technical degree in college (2-year),Part-time employed,"$10,000 - $19,999",Sales and office,Female,Once a week,30 - 60 Minutes,Mechanical Turk money does not materially change my financial situation,The United States,,Select here to acknowledge your understanding,,,6297
2019-03-14 11:57:57,2019-03-14 12:00:09,IP Address,66.108.217.161,100,131,True,2019-03-14 12:00:09,R_2BhvUeqb3VbPeCf,,,,,40.686798095703125,-73.822998046875,anonymous,EN,,,,Wage Choice - Guaranteed Receipt of $10.00,45 - 54,Bachelor's degree in college (4-year),Prefer not to answer,"$10,000 - $19,999",Sales and office,Female,4-6 times a week,3 - 4 hours,Mechanical Turk money does not materially change my financial situation,The United States,,Select here to acknowledge your understanding,,,5564
2019-03-14 11:59:10,2019-03-14 12:00:52,IP Address,73.43.61.230,100,102,True,2019-03-14 12:00:53,R_12tidWLSMR3pq5Y,,,,,33.4678955078125,-84.48059844970703125,anonymous,EN,,Wage Choice - Guaranteed Receipt of $10.00,,,25 - 34,High school graduate (high school diploma or equivalent including GED),Full-time employed,"$20,000 - $29,999","Production, transportation, and material moving",Male,Daily,3 - 4 hours,Mechanical Turk money is sometimes needed to make basic ends meet,The United States,North America,Select here to acknowledge your understanding,,,9963
2019-03-14 11:55:35,2019-03-14 12:02:16,IP Address,106.198.100.32,100,400,True,2019-03-14 12:02:16,R_1LRJ2lQX7om42pR,,,,,10.990997314453125,76.966705322265625,anonymous,EN,,,,Wage Choice - Guaranteed Receipt of $10.00,25 - 34,Master's degree,Full-time employed,"$50,000 - $59,999","Management, professional, and related",Male,Daily,5 - 6 hours,Mechanical Turk money is always needed to make basic ends meet,India,,Select here to acknowledge your understanding,,,6694
2019-03-14 11:59:46,2019-03-14 12:02:21,IP Address,128.91.56.196,100,155,True,2019-03-14 12:02:22,R_1OJgNZFhUvHCO1p,,,,,39.9597015380859375,-75.19950103759765625,anonymous,EN,,,,"Investment Choice - Choose to ""invest"". You should know that the last 20 investment decisions yielded payouts of:

$11.16, $10.93, $10.87, $11.10, $11.15, $10.93, $11.34, $11.14, $10.59, $10.08, $10.79, $11.77, $11.35, $10.79, $10.97, $11.41, $11.02, $10.66, $11.01, $11.21",Under 18,Associate or Technical degree in college (2-year),Part-time employed,"$80,000 - $89,999","Construction, extraction, and maintenance",Non-binary,2-3 times a week,30 - 60 Minutes,Mechanical Turk money is always needed to make basic ends meet,The United Kingdom,,Select here to acknowledge your understanding,,,8231
2019-03-14 11:55:30,2019-03-14 12:02:37,IP Address,60.243.68.178,100,427,True,2019-03-14 12:02:37,R_1rf50uQ5Orj3Izj,,,,,13.0843048095703125,80.280487060546875,anonymous,EN,,,,"Investment Choice - Choose to ""invest"". You should know that the last 20 investment decisions yielded payouts of:

$11.16, $10.93, $10.87, $11.10, $11.15, $10.93, $11.34, $11.14, $10.59, $10.08, $10.79, $11.77, $11.35, $10.79, $10.97, $11.41, $11.02, $10.66, $11.01, $11.21",25 - 34,Bachelor's degree in college (4-year),Full-time employed,"$10,000 - $19,999","Management, professional, and related",Male,Daily,3 - 4 hours,Mechanical Turk money is always needed to make basic ends meet,India,,Select here to acknowledge your understanding,,,2119
2019-03-14 12:01:09,2019-03-14 12:02:51,IP Address,24.45.7.187,100,102,True,2019-03-14 12:02:52,R_1gbvU3gn2jTWAor,,,,,40.8730926513671875,-74.7425994873046875,anonymous,EN,,,,"Investment Choice - Choose to ""invest"". You should know that the last 20 investment decisions yielded payouts of:

$11.16, $10.93, $10.87, $11.10, $11.15, $10.93, $11.34, $11.14, $10.59, $10.08, $10.79, $11.77, $11.35, $10.79, $10.97, $11.41, $11.02, $10.66, $11.01, $11.21",35 - 44,Bachelor's degree in college (4-year),Full-time employed,"$50,000 - $59,999","Management, professional, and related",Male,Daily,1 - 2 hours,Mechanical Turk money allows me to purchase nice goods which otherwise would be out of reach,The United States,,Select here to acknowledge your understanding,,,2527
2019-03-14 11:58:40,2019-03-14 12:02:55,IP Address,73.236.40.189,100,254,True,2019-03-14 12:02:55,R_2e2cmsqd6huUlxD,,,,,41.0240936279296875,-80.34539794921875,anonymous,EN,,,,"Investment Choice - Choose to ""invest"". You should know that the last 20 investment decisions yielded payouts of:

$11.16, $10.93, $10.87, $11.10, $11.15, $10.93, $11.34, $11.14, $10.59, $10.08, $10.79, $11.77, $11.35, $10.79, $10.97, $11.41, $11.02, $10.66, $11.01, $11.21",55 - 64,Some college but no degree,Full-time employed,"$40,000 - $49,999","Management, professional, and related",Male,2-3 times a week,3 - 4 hours,Mechanical Turk money is sometimes needed to make basic ends meet,The United States,,Select here to acknowledge your understanding,,,9335
2019-03-14 12:02:37,2019-03-14 12:03:41,IP Address,106.198.100.32,100,63,True,2019-03-14 12:03:42,R_3MSdFzh8GlmcYI9,,,,,10.990997314453125,76.966705322265625,anonymous,EN,"Investment Choice - Receipt of $10 with 50% probability, receipt of $12 with 50% probability",,,,25 - 34,Master's degree,Full-time employed,"$60,000 - $69,999","Management, professional, and related",Male,Daily,More than 7 hours,Mechanical Turk money is sometimes needed to make basic ends meet,India,,,,Select here to acknowledge your understanding,6137
2019-03-14 12:02:28,2019-03-14 12:03:51,IP Address,128.91.56.196,100,83,True,2019-03-14 12:03:51,R_22AnFDnW10BYFEi,,,,,39.9597015380859375,-75.19950103759765625,anonymous,EN,,,,Wage Choice - Guaranteed Receipt of $10.00,45 - 54,Doctoral degree,Part-time looking for full-time,"$80,000 - $89,999",Unemployed,Female,Once a week,5 - 6 hours,Mechanical Turk money does not materially change my financial situation,Another Country,,Select here to acknowledge your understanding,,,9750
2019-03-14 12:01:26,2019-03-14 12:04:13,IP Address,74.82.60.52,100,166,True,2019-03-14 12:04:13,R_1msYcSGKiJI7DWu,,,,,37.751007080078125,-97.82199859619140625,anonymous,EN,,,Wage Choice - Guaranteed Receipt of $10.00,,25 - 34,Master's degree,Full-time employed,"$100,000 - $149,999",Sales and office,Female,Daily,5 - 6 hours,Mechanical Turk money is sometimes needed to make basic ends meet,The United States,,Select here to acknowledge your understanding,,,6813
2019-03-14 12:02:15,2019-03-14 12:04:28,IP Address,76.25.129.168,100,133,True,2019-03-14 12:04:29,R_08re4ZLkdQZPdKh,,,,,39.825897216796875,-104.9113006591796875,anonymous,EN,Wage Choice - Guaranteed Receipt of $10.00,,,,45 - 54,Bachelor's degree in college (4-year),Full-time employed,"$60,000 - $69,999","Management, professional, and related",Female,2-3 times a week,30 - 60 Minutes,Mechanical Turk money allows me to purchase nice goods which otherwise would be out of reach,The United States,,Select here to acknowledge your understanding,,,4094
2019-03-14 12:03:53,2019-03-14 12:04:40,IP Address,128.91.56.196,100,46,True,2019-03-14 12:04:40,R_DOBLyqbXuenxlL3,,,,,39.9597015380859375,-75.19950103759765625,anonymous,EN,,"Investment Choice - Receipt of $9.00 with 50 percent probability, receipt of $13.00 with 50 percent probability",,,Under 18,Master's degree,Not working and seeking employment,"$60,000 - $69,999",Sales and office,Non-binary,Daily,1 - 2 hours,Mechanical Turk money allows me to purchase nice goods which otherwise would be out of reach,India,,Select here to acknowledge your understanding,,,4666
2019-03-14 12:00:10,2019-03-14 12:05:08,IP Address,183.82.212.106,100,298,True,2019-03-14 12:05:09,R_3e4QaENRJbuOhkg,,,,,17.3784027099609375,78.47119140625,anonymous,EN,,,,Wage Choice - Guaranteed Receipt of $10.00,25 - 34,Master's degree,Full-time employed,"$20,000 - $29,999","Management, professional, and related",Female,Daily,1 - 2 hours,Mechanical Turk money allows me to purchase nice goods which otherwise would be out of reach,India,,,Select here to acknowledge your understanding,,1656
2019-03-14 12:04:48,2019-03-14 12:05:48,IP Address,128.91.56.196,100,60,True,2019-03-14 12:05:48,R_1DV8qx8hHa3mN97,,,,,39.9597015380859375,-75.19950103759765625,anonymous,EN,,Wage Choice - Guaranteed Receipt of $10.00,,,55 - 64,Some college but no degree,Not working and seeking employment,"$30,000 - $39,999","Farming, fishing, and forestry",Female,2-3 times a week,1 - 2 hours,Mechanical Turk money allows me to purchase nice goods which otherwise would be out of reach,The United Kingdom,,Select here to acknowledge your understanding,,,7432
2019-03-14 12:04:35,2019-03-14 12:05:48,IP Address,67.181.174.153,100,72,True,2019-03-14 12:05:49,R_2dR49qMZYLFnkHl,,,,,38.55389404296875,-121.36930084228515625,anonymous,EN,,"Investment Choice - Receipt of $9.00 with 50 percent probability, receipt of $13.00 with 50 percent probability",,,18 - 24,Associate or Technical degree in college (2-year),Full-time employed,"$80,000 - $89,999",Sales and office,Male,Daily,5 - 6 hours,Mechanical Turk money is always needed to make basic ends meet,The United States,,Select here to acknowledge your understanding,,,7022
2019-03-14 12:04:00,2019-03-14 12:06:24,IP Address,68.173.252.82,100,143,True,2019-03-14 12:06:24,R_3eg621yR9D4YKTn,,,,,40.7028961181640625,-73.81109619140625,anonymous,EN,,"Investment Choice - Receipt of $9.00 with 50 percent probability, receipt of $13.00 with 50 percent probability",,,25 - 34,Bachelor's degree in college (4-year),Full-time employed,"$20,000 - $29,999","Management, professional, and related",Female,Daily,1 - 2 hours,Mechanical Turk money allows me to purchase nice goods which otherwise would be out of reach,The United States,North America,Select here to acknowledge your understanding,,,1893
2019-03-14 12:05:53,2019-03-14 12:06:39,IP Address,128.91.56.196,100,45,True,2019-03-14 12:06:39,R_2SBpCzC6F4u8GGZ,,,,,39.9597015380859375,-75.19950103759765625,anonymous,EN,,Wage Choice - Guaranteed Receipt of $10.00,,,45 - 54,Associate or Technical degree in college (2-year),Not working and seeking employment,"$80,000 - $89,999","Production, transportation, and material moving",Female,Once a week,Less than 30 minutes,Mechanical Turk money allows me to purchase nice goods which otherwise would be out of reach,The United Kingdom,,Select here to acknowledge your understanding,,,1347
2019-03-14 12:06:42,2019-03-14 12:07:11,IP Address,128.91.56.196,100,28,True,2019-03-14 12:07:11,R_2rx4engAID0Byug,,,,,39.9597015380859375,-75.19950103759765625,anonymous,EN,,"Investment Choice - Receipt of $9.00 with 50 percent probability, receipt of $13.00 with 50 percent probability",,,75 - 84,Some college but no degree,Not working and seeking employment,"$90,000 - $99,999","Production, transportation, and material moving",Male,2-3 times a week,30 - 60 Minutes,Mechanical Turk money is sometimes needed to make basic ends meet,Canada,,Select here to acknowledge your understanding,,,5811
2019-03-14 12:01:40,2019-03-14 12:08:11,IP Address,202.133.60.99,100,390,True,2019-03-14 12:08:11,R_1mfoQIiR60TeCZ2,,,,,17.3972930908203125,78.407989501953125,anonymous,EN,,,,"Investment Choice - Choose to ""invest"". You should know that the last 20 investment decisions yielded payouts of:

$11.16, $10.93, $10.87, $11.10, $11.15, $10.93, $11.34, $11.14, $10.59, $10.08, $10.79, $11.77, $11.35, $10.79, $10.97, $11.41, $11.02, $10.66, $11.01, $11.21",35 - 44,Master's degree,Full-time employed,"$30,000 - $39,999","Management, professional, and related",Female,4-6 times a week,1 - 2 hours,Mechanical Turk money does not materially change my financial situation,India,Asia,Select here to acknowledge your understanding,,,2429
2019-03-14 12:08:19,2019-03-14 12:09:01,IP Address,128.91.56.196,100,41,True,2019-03-14 12:09:01,R_5bveujVrfC4p1L3,,,,,39.9597015380859375,-75.19950103759765625,anonymous,EN,,Wage Choice - Guaranteed Receipt of $10.00,,,75 - 84,High school graduate (high school diploma or equivalent including GED),Part-time looking for full-time,"$20,000 - $29,999","Production, transportation, and material moving",Male,4-6 times a week,3 - 4 hours,Mechanical Turk money is sometimes needed to make basic ends meet,Canada,,,Select here to acknowledge your understanding,,1713
2019-03-14 12:09:04,2019-03-14 12:09:35,IP Address,128.91.56.196,100,31,True,2019-03-14 12:09:35,R_231si0CUtHNzYkH,,,,,39.9597015380859375,-75.19950103759765625,anonymous,EN,,,,"Investment Choice - Choose to ""invest"". You should know that the last 20 investment decisions yielded payouts of:

$11.16, $10.93, $10.87, $11.10, $11.15, $10.93, $11.34, $11.14, $10.59, $10.08, $10.79, $11.77, $11.35, $10.79, $10.97, $11.41, $11.02, $10.66, $11.01, $11.21",65 - 74,Some college but no degree,Part-time looking for full-time,"$20,000 - $29,999","Farming, fishing, and forestry",Female,Once or twice a month,Less than 30 minutes,Mechanical Turk money allows me to purchase nice goods which otherwise would be out of reach,Canada,,Select here to acknowledge your understanding,,,6594
2019-03-14 12:09:54,2019-03-14 12:10:23,IP Address,128.91.56.196,100,28,True,2019-03-14 12:10:24,R_2rwL7j4S1zf2Gdk,,,,,39.9597015380859375,-75.19950103759765625,anonymous,EN,,,"Investment Choice - Choose to ""invest"". You should know that the last 20 investment decisions yielded payouts of:

$9.45, $10.47, $8.69, $10.95, $10.95, $11.79, $11.74, $11.81, $10.58, $11.54, $12.26, $12.29, $8.93, $12.21, $11.33, $11.25, $11.22, $8.99, $11.84, $8.92",,45 - 54,Bachelor's degree in college (4-year),Part-time looking for full-time,"$50,000 - $59,999","Farming, fishing, and forestry",Female,Daily,5 - 6 hours,Mechanical Turk money is always needed to make basic ends meet,The United Kingdom,,Select here to acknowledge your understanding,,,7963
2019-03-14 12:09:27,2019-03-14 12:14:51,IP Address,146.112.245.224,100,324,True,2019-03-14 12:14:51,R_3JsKqoMsOoMstWv,,,,,41.848297119140625,-87.651702880859375,anonymous,EN,,,"Investment Choice - Choose to ""invest"". You should know that the last 20 investment decisions yielded payouts of:

$9.45, $10.47, $8.69, $10.95, $10.95, $11.79, $11.74, $11.81, $10.58, $11.54, $12.26, $12.29, $8.93, $12.21, $11.33, $11.25, $11.22, $8.99, $11.84, $8.92",,55 - 64,Bachelor's degree in college (4-year),Full-time employed,"$70,000 - $79,999","Management, professional, and related",Male,Daily,1 - 2 hours,Mechanical Turk money does not materially change my financial situation,The United States,,Select here to acknowledge your understanding,,,6336
2019-03-14 12:17:37,2019-03-14 12:21:57,IP Address,72.182.197.198,100,260,True,2019-03-14 12:21:58,R_1DPg8QTI29U0kCK,,,,,32.848907470703125,-96.96669769287109375,anonymous,EN,,,"Investment Choice - Choose to ""invest"". You should know that the last 20 investment decisions yielded payouts of:

$9.45, $10.47, $8.69, $10.95, $10.95, $11.79, $11.74, $11.81, $10.58, $11.54, $12.26, $12.29, $8.93, $12.21, $11.33, $11.25, $11.22, $8.99, $11.84, $8.92",,45 - 54,Some college but no degree,Prefer not to answer,"Less than $10,000",Unemployed,Female,Daily,More than 7 hours,Mechanical Turk money is always needed to make basic ends meet,The United States,,Select here to acknowledge your understanding,,,4396
2019-03-14 12:21:09,2019-03-14 12:22:44,IP Address,146.112.47.32,100,94,True,2019-03-14 12:22:44,R_wLbNzHxzRrUl0hb,,,,,47,8,anonymous,EN,,,,"Investment Choice - Choose to ""invest"". You should know that the last 20 investment decisions yielded payouts of:

$11.16, $10.93, $10.87, $11.10, $11.15, $10.93, $11.34, $11.14, $10.59, $10.08, $10.79, $11.77, $11.35, $10.79, $10.97, $11.41, $11.02, $10.66, $11.01, $11.21",35 - 44,Associate or Technical degree in college (2-year),Full-time employed,"$80,000 - $89,999","Management, professional, and related",Female,4-6 times a week,5 - 6 hours,Mechanical Turk money is sometimes needed to make basic ends meet,The United States,,Select here to acknowledge your understanding,,,7360
2019-03-14 12:25:19,2019-03-14 12:27:30,IP Address,45.49.16.210,100,131,True,2019-03-14 12:27:31,R_1g61AZf124KK1D2,,,,,34.1060028076171875,-118.3607025146484375,anonymous,EN,,"Investment Choice - Receipt of $9.00 with 50 percent probability, receipt of $13.00 with 50 percent probability",,,25 - 34,Associate or Technical degree in college (2-year),Full-time employed,"$40,000 - $49,999",Sales and office,Male,4-6 times a week,5 - 6 hours,Mechanical Turk money allows me to purchase nice goods which otherwise would be out of reach,The United States,,Select here to acknowledge your understanding,,,7532
2019-03-14 12:25:40,2019-03-14 12:28:09,IP Address,71.251.30.228,100,148,True,2019-03-14 12:28:09,R_3r1TS5Ien0ECO0B,,,,,40.7259979248046875,-73.84799957275390625,anonymous,EN,,,"Investment Choice - Choose to ""invest"". You should know that the last 20 investment decisions yielded payouts of:

$9.45, $10.47, $8.69, $10.95, $10.95, $11.79, $11.74, $11.81, $10.58, $11.54, $12.26, $12.29, $8.93, $12.21, $11.33, $11.25, $11.22, $8.99, $11.84, $8.92",,55 - 64,"Professional degree (JD, MD)",Not working and seeking employment,"$30,000 - $39,999",Unemployed,Male,Daily,1 - 2 hours,Mechanical Turk money does not materially change my financial situation,The United States,,,,Select here to acknowledge your understanding,4377
2019-03-14 12:26:49,2019-03-14 12:28:13,IP Address,137.52.20.242,100,84,True,2019-03-14 12:28:13,R_2sdpCbbWsqqXsdF,,,,,26.0702972412109375,-80.22480010986328125,anonymous,EN,,"Investment Choice - Receipt of $9.00 with 50 percent probability, receipt of $13.00 with 50 percent probability",,,25 - 34,Bachelor's degree in college (4-year),Full-time employed,"$60,000 - $69,999",Government,Male,4-6 times a week,1 - 2 hours,Mechanical Turk money does not materially change my financial situation,The United States,,Select here to acknowledge your understanding,,,6023
2019-03-14 12:28:04,2019-03-14 12:29:41,IP Address,45.36.251.11,100,96,True,2019-03-14 12:29:41,R_3ENfRgJFT1XOnid,,,,,36.0697021484375,-79.7682037353515625,anonymous,EN,,"Investment Choice - Receipt of $9.00 with 50 percent probability, receipt of $13.00 with 50 percent probability",,,65 - 74,Bachelor's degree in college (4-year),Retired,"$50,000 - $59,999",Retired,Female,Daily,3 - 4 hours,Mechanical Turk money is sometimes needed to make basic ends meet,The United States,,Select here to acknowledge your understanding,,,8415
2019-03-14 12:30:32,2019-03-14 12:35:02,IP Address,73.99.91.11,100,270,True,2019-03-14 12:35:02,R_24vfP1zs2ta1iTc,,,,,38.0321044921875,-78.4889984130859375,anonymous,EN,,,,Wage Choice - Guaranteed Receipt of $10.00,45 - 54,Associate or Technical degree in college (2-year),Full-time employed,"$50,000 - $59,999",Other,Female,Daily,More than 7 hours,Mechanical Turk money is always needed to make basic ends meet,The United States,,Select here to acknowledge your understanding,,,2636
2019-03-14 12:35:30,2019-03-14 12:38:30,IP Address,32.208.30.26,100,179,True,2019-03-14 12:38:30,R_1hMQZuAQN2BBURD,,,,,41.279998779296875,-72.81060028076171875,anonymous,EN,,,"Investment Choice - Choose to ""invest"". You should know that the last 20 investment decisions yielded payouts of:

$9.45, $10.47, $8.69, $10.95, $10.95, $11.79, $11.74, $11.81, $10.58, $11.54, $12.26, $12.29, $8.93, $12.21, $11.33, $11.25, $11.22, $8.99, $11.84, $8.92",,65 - 74,High school graduate (high school diploma or equivalent including GED),Retired,"$50,000 - $59,999",Retired,Male,Daily,3 - 4 hours,Mechanical Turk money does not materially change my financial situation,The United States,,Select here to acknowledge your understanding,,,4355
2019-03-14 12:35:49,2019-03-14 12:38:49,IP Address,157.51.234.198,100,180,True,2019-03-14 12:38:50,R_1BYjTWdwhrYZ7Gm,,,,,13.0843048095703125,80.280487060546875,anonymous,EN,,,,"Investment Choice - Choose to ""invest"". You should know that the last 20 investment decisions yielded payouts of:

$11.16, $10.93, $10.87, $11.10, $11.15, $10.93, $11.34, $11.14, $10.59, $10.08, $10.79, $11.77, $11.35, $10.79, $10.97, $11.41, $11.02, $10.66, $11.01, $11.21",25 - 34,Bachelor's degree in college (4-year),Full-time employed,"$10,000 - $19,999","Management, professional, and related",Male,Daily,1 - 2 hours,Mechanical Turk money is sometimes needed to make basic ends meet,India,,Select here to acknowledge your understanding,,,4351
2019-03-14 12:38:56,2019-03-14 12:42:16,IP Address,117.222.157.60,100,199,True,2019-03-14 12:42:16,R_3RrVo09VCUENFa5,,,,,9.9333038330078125,78.11669921875,anonymous,EN,,,"Investment Choice - Choose to ""invest"". You should know that the last 20 investment decisions yielded payouts of:

$9.45, $10.47, $8.69, $10.95, $10.95, $11.79, $11.74, $11.81, $10.58, $11.54, $12.26, $12.29, $8.93, $12.21, $11.33, $11.25, $11.22, $8.99, $11.84, $8.92",,45 - 54,Master's degree,Full-time employed,"$100,000 - $149,999","Management, professional, and related",Female,Daily,5 - 6 hours,Mechanical Turk money is always needed to make basic ends meet,India,,Select here to acknowledge your understanding,,,9297
2019-03-14 12:42:31,2019-03-14 12:44:14,IP Address,69.180.83.7,100,103,True,2019-03-14 12:44:14,R_d4o0kuzSfWWTQlj,,,,,30.2230072021484375,-81.75949859619140625,anonymous,EN,,,,"Investment Choice - Choose to ""invest"". You should know that the last 20 investment decisions yielded payouts of:

$11.16, $10.93, $10.87, $11.10, $11.15, $10.93, $11.34, $11.14, $10.59, $10.08, $10.79, $11.77, $11.35, $10.79, $10.97, $11.41, $11.02, $10.66, $11.01, $11.21",35 - 44,Bachelor's degree in college (4-year),Part-time employed,"$30,000 - $39,999",Other,Female,Daily,5 - 6 hours,Mechanical Turk money is always needed to make basic ends meet,The United States,,Select here to acknowledge your understanding,,,8380
2019-03-14 12:45:10,2019-03-14 12:45:34,Survey Preview,,100,24,True,2019-03-14 12:45:34,R_2awB26KO4eU19aw,,,,,39.9597015380859375,-75.19950103759765625,preview,EN,,"Investment Choice - Receipt of $9.00 with 50 percent probability, receipt of $13.00 with 50 percent probability",,,35 - 44,"Professional degree (JD, MD)",Part-time looking for full-time,"$60,000 - $69,999",Government,Male,Once a week,1 - 2 hours,Mechanical Turk money is always needed to make basic ends meet,India,South America,Select here to acknowledge your understanding,,,3528
2019-03-14 12:53:19,2019-03-14 12:56:07,IP Address,103.108.76.22,100,167,True,2019-03-14 12:56:07,R_2YFj6H5f8rpBmfw,,,,,29.1667022705078125,75.716705322265625,anonymous,EN,,,,"Investment Choice - Choose to ""invest"". You should know that the last 20 investment decisions yielded payouts of:

$11.16, $10.93, $10.87, $11.10, $11.15, $10.93, $11.34, $11.14, $10.59, $10.08, $10.79, $11.77, $11.35, $10.79, $10.97, $11.41, $11.02, $10.66, $11.01, $11.21",25 - 34,Master's degree,Full-time employed,"$50,000 - $59,999","Management, professional, and related",Male,4-6 times a week,1 - 2 hours,Mechanical Turk money does not materially change my financial situation,India,,Select here to acknowledge your understanding,,,5271
2019-03-14 13:02:24,2019-03-14 13:04:28,IP Address,100.12.206.157,100,124,True,2019-03-14 13:04:29,R_1ImjMfFD6hwYq1K,,,,,40.7173004150390625,-73.87920379638671875,anonymous,EN,,,Wage Choice - Guaranteed Receipt of $10.00,,18 - 24,"Professional degree (JD, MD)",Full-time employed,"$40,000 - $49,999","Management, professional, and related",Female,4-6 times a week,1 - 2 hours,Mechanical Turk money allows me to purchase nice goods which otherwise would be out of reach,The United States,,Select here to acknowledge your understanding,,,4135
2019-03-14 13:15:34,2019-03-14 13:17:01,IP Address,174.155.71.72,100,86,True,2019-03-14 13:17:02,R_2VR62WYiVGiwnxV,,,,,33.7042999267578125,-84.37419891357421875,anonymous,EN,,,,Wage Choice - Guaranteed Receipt of $10.00,35 - 44,Bachelor's degree in college (4-year),Full-time employed,"$30,000 - $39,999","Management, professional, and related",Female,Daily,5 - 6 hours,Mechanical Turk money is always needed to make basic ends meet,The United States,,Select here to acknowledge your understanding,,,9451
2019-03-14 13:17:53,2019-03-14 13:21:14,IP Address,96.230.107.87,100,200,True,2019-03-14 13:21:14,R_R4R0RM4MCKkrgNr,,,,,42.151397705078125,-71.42169952392578125,anonymous,EN,,Wage Choice - Guaranteed Receipt of $10.00,,,45 - 54,Associate or Technical degree in college (2-year),Part-time employed,"$90,000 - $99,999",Sales and office,Female,Daily,3 - 4 hours,Mechanical Turk money is sometimes needed to make basic ends meet,The United States,,Select here to acknowledge your understanding,,,6081
2019-03-14 13:16:14,2019-03-14 13:22:44,IP Address,157.51.114.69,100,389,True,2019-03-14 13:22:44,R_1dcvSIC0dfa7Hdp,,,,,10.990997314453125,76.966705322265625,anonymous,EN,,,Wage Choice - Guaranteed Receipt of $10.00,,35 - 44,Bachelor's degree in college (4-year),Full-time employed,"$50,000 - $59,999",Service,Male,Daily,5 - 6 hours,Mechanical Turk money is sometimes needed to make basic ends meet,India,,Select here to acknowledge your understanding,,,7316
2019-03-14 13:22:12,2019-03-14 13:24:55,IP Address,103.242.199.185,100,162,True,2019-03-14 13:24:55,R_2cw4xKjPoQQSX11,,,,,22.5720062255859375,88.36700439453125,anonymous,EN,,Wage Choice - Guaranteed Receipt of $10.00,,,35 - 44,Bachelor's degree in college (4-year),Full-time employed,"$10,000 - $19,999",Service,Male,Daily,More than 7 hours,Mechanical Turk money is sometimes needed to make basic ends meet,India,Asia,Select here to acknowledge your understanding,,,9848
2019-03-14 13:32:03,2019-03-14 13:33:41,IP Address,172.58.23.236,100,97,True,2019-03-14 13:33:41,R_wUaPP6dUzZvKKoV,,,,,33.9720001220703125,-118.24200439453125,anonymous,EN,,,"Investment Choice - Choose to ""invest"". You should know that the last 20 investment decisions yielded payouts of:

$9.45, $10.47, $8.69, $10.95, $10.95, $11.79, $11.74, $11.81, $10.58, $11.54, $12.26, $12.29, $8.93, $12.21, $11.33, $11.25, $11.22, $8.99, $11.84, $8.92",,35 - 44,Bachelor's degree in college (4-year),Full-time employed,"$30,000 - $39,999",Sales and office,Male,2-3 times a week,30 - 60 Minutes,Mechanical Turk money does not materially change my financial situation,The United States,,Select here to acknowledge your understanding,,,4385
2019-03-14 13:50:50,2019-03-14 13:52:54,IP Address,72.228.32.49,100,124,True,2019-03-14 13:52:55,R_2y1MDU9gZwIKomJ,,,,,43.0592041015625,-73.73560333251953125,anonymous,EN,,Wage Choice - Guaranteed Receipt of $10.00,,,25 - 34,Bachelor's degree in college (4-year),Full-time employed,"$20,000 - $29,999",Service,Female,4-6 times a week,1 - 2 hours,Mechanical Turk money is sometimes needed to make basic ends meet,The United States,,,Select here to acknowledge your understanding,,6669
2019-03-14 14:00:18,2019-03-14 14:02:54,IP Address,67.249.189.129,100,155,True,2019-03-14 14:02:55,R_2y1rKwYWAk3Xg9q,,,,,43.047393798828125,-74.86060333251953125,anonymous,EN,,,,Wage Choice - Guaranteed Receipt of $10.00,55 - 64,Bachelor's degree in college (4-year),Full-time employed,"$50,000 - $59,999",Other,Male,Daily,More than 7 hours,Mechanical Turk money allows me to purchase nice goods which otherwise would be out of reach,The United States,,Select here to acknowledge your understanding,,,2813
2019-03-14 14:03:59,2019-03-14 14:07:14,IP Address,75.86.174.11,100,194,True,2019-03-14 14:07:14,R_1BVpjoh3HkAhCWi,,,,,42.56170654296875,-87.83010101318359375,anonymous,EN,,,"Investment Choice - Choose to ""invest"". You should know that the last 20 investment decisions yielded payouts of:

$9.45, $10.47, $8.69, $10.95, $10.95, $11.79, $11.74, $11.81, $10.58, $11.54, $12.26, $12.29, $8.93, $12.21, $11.33, $11.25, $11.22, $8.99, $11.84, $8.92",,35 - 44,Some college but no degree,Prefer not to answer,"$20,000 - $29,999",Other,Female,4-6 times a week,3 - 4 hours,Mechanical Turk money is always needed to make basic ends meet,The United States,,Select here to acknowledge your understanding,,,5170
2019-03-14 14:17:33,2019-03-14 14:18:59,IP Address,99.135.146.79,100,86,True,2019-03-14 14:19:00,R_3PTrycG4830Bbv0,,,,,41.7920074462890625,-88.1660003662109375,anonymous,EN,,,,"Investment Choice - Choose to ""invest"". You should know that the last 20 investment decisions yielded payouts of:

$11.16, $10.93, $10.87, $11.10, $11.15, $10.93, $11.34, $11.14, $10.59, $10.08, $10.79, $11.77, $11.35, $10.79, $10.97, $11.41, $11.02, $10.66, $11.01, $11.21",35 - 44,High school graduate (high school diploma or equivalent including GED),Full-time employed,"$30,000 - $39,999","Construction, extraction, and maintenance",Male,Daily,1 - 2 hours,Mechanical Turk money allows me to purchase nice goods which otherwise would be out of reach,The United States,,Select here to acknowledge your understanding,,,9089
2019-03-14 14:20:01,2019-03-14 14:21:08,IP Address,104.34.83.206,100,66,True,2019-03-14 14:21:08,R_yUbRAPVTAAL3v0d,,,,,34.197906494140625,-118.53710174560546875,anonymous,EN,"Investment Choice - Receipt of $10 with 50% probability, receipt of $12 with 50% probability",,,,35 - 44,Bachelor's degree in college (4-year),Not working and seeking employment,"$20,000 - $29,999",Unemployed,Male,Daily,More than 7 hours,Mechanical Turk money is always needed to make basic ends meet,The United States,,,,Select here to acknowledge your understanding,8773
2019-03-14 14:28:33,2019-03-14 14:30:08,IP Address,172.113.116.108,100,95,True,2019-03-14 14:30:09,R_1CdQFeVNFBl37oZ,,,,,33.9167938232421875,-118.34320068359375,anonymous,EN,,,,Wage Choice - Guaranteed Receipt of $10.00,25 - 34,High school graduate (high school diploma or equivalent including GED),Full-time employed,"$10,000 - $19,999",Other,Male,4-6 times a week,1 - 2 hours,Mechanical Turk money is sometimes needed to make basic ends meet,The United States,,Select here to acknowledge your understanding,,,3225
2019-03-14 11:55:07,2019-03-14 11:56:44,IP Address,103.219.206.4,39,96,False,2019-03-14 15:56:54,R_3h6cfuZPb5I7xSk,,,,,,,anonymous,EN,,Wage Choice - Guaranteed Receipt of $10.00,,,25 - 34,Master's degree,Full-time employed,"Less than $10,000","Management, professional, and related",Male,,,,,,,,,
2019-03-14 11:56:48,2019-03-14 11:57:09,IP Address,198.24.30.139,96,21,False,2019-03-14 15:57:13,R_dbWfHLtbLB1B637,,,,,,,anonymous,EN,Wage Choice - Guaranteed Receipt of $10.00,,,,18 - 24,High school graduate (high school diploma or equivalent including GED),Part-time employed,"$10,000 - $19,999",Service,Female,4-6 times a week,30 - 60 Minutes,Mechanical Turk money allows me to purchase nice goods which otherwise would be out of reach,India,,Select here to acknowledge your understanding,,,
2019-03-14 12:04:03,2019-03-14 12:08:42,IP Address,183.82.212.106,93,279,False,2019-03-14 16:09:21,R_2ATHfr1CayKWDK6,,,,,,,anonymous,EN,"Investment Choice - Receipt of $10 with 50% probability, receipt of $12 with 50% probability",,,,25 - 34,Master's degree,Part-time employed,"$20,000 - $29,999",Service,Female,4-6 times a week,30 - 60 Minutes,Mechanical Turk money allows me to purchase nice goods which otherwise would be out of reach,India,,,,,
2019-03-14 12:49:52,2019-03-14 13:02:21,IP Address,100.12.206.157,93,749,False,2019-03-14 17:02:23,R_3O8KrEBHfwjOv7V,,,,,,,anonymous,EN,,"Investment Choice - Receipt of $9.00 with 50 percent probability, receipt of $13.00 with 50 percent probability",,,18 - 24,"Professional degree (JD, MD)",Full-time employed,"$50,000 - $59,999","Management, professional, and related",Female,4-6 times a week,1 - 2 hours,Mechanical Turk money does not materially change my financial situation,The United States,,,,,
2019-03-14 13:00:45,2019-03-14 13:05:42,IP Address,100.12.206.157,93,297,False,2019-03-14 17:05:43,R_1K0v5sBn0vvPvNT,,,,,,,anonymous,EN,,,"Investment Choice - Choose to ""invest"". You should know that the last 20 investment decisions yielded payouts of:

$9.45, $10.47, $8.69, $10.95, $10.95, $11.79, $11.74, $11.81, $10.58, $11.54, $12.26, $12.29, $8.93, $12.21, $11.33, $11.25, $11.22, $8.99, $11.84, $8.92",,25 - 34,"Professional degree (JD, MD)",Full-time employed,"$40,000 - $49,999","Management, professional, and related",Female,Daily,1 - 2 hours,Mechanical Turk money allows me to purchase nice goods which otherwise would be out of reach,The United States,,,,,
